date,tvl_usd
2017-09-27,0
2017-09-28,0
2017-09-29,0
2017-09-30,0
2017-10-01,0
2017-10-02,0
2017-10-03,0
2017-10-04,0
2017-10-05,0
2017-10-06,0
2017-10-07,0
2017-10-08,0
2017-10-09,0
2017-10-10,0
2017-10-11,0
2017-10-12,0
2017-10-13,0
2017-10-14,0
2017-10-15,0
2017-10-16,0
2017-10-17,0
2017-10-18,0
2017-10-19,0
2017-10-20,0
2017-10-21,0
2017-10-22,0
2017-10-23,0
2017-10-24,0
2017-10-25,0
2017-10-26,0
2017-10-27,0
2017-10-28,0
2017-10-29,0
2017-10-30,0
2017-10-31,0
2017-11-01,0
2017-11-02,0
2017-11-03,0
2017-11-04,0
2017-11-05,0
2017-11-06,0
2017-11-07,0
2017-11-08,0
2017-11-09,0
2017-11-10,0
2017-11-11,0
2017-11-12,0
2017-11-13,0
2017-11-14,0
2017-11-15,0
2017-11-16,0
2017-11-17,0
2017-11-18,0
2017-11-19,0
2017-11-20,0
2017-11-21,0
2017-11-22,0
2017-11-23,0
2017-11-24,0
2017-11-25,0
2017-11-26,0
2017-11-27,0
2017-11-28,0
2017-11-29,0
2017-11-30,0
2017-12-01,0
2017-12-02,0
2017-12-03,0
2017-12-04,0
2017-12-05,0
2017-12-06,0
2017-12-07,0
2017-12-08,0
2017-12-09,0
2017-12-10,0
2017-12-11,0
2017-12-12,0
2017-12-13,0
2017-12-14,0
2017-12-15,0
2017-12-16,0
2017-12-17,0
2017-12-18,0
2017-12-19,0
2017-12-20,0
2017-12-21,0
2017-12-22,0
2017-12-23,0
2017-12-24,0
2017-12-25,0
2017-12-26,0
2017-12-27,0
2017-12-28,0
2017-12-29,0
2017-12-30,0
2017-12-31,0
2018-01-01,0
2018-01-02,0
2018-01-03,0
2018-01-04,0
2018-01-05,0
2018-01-06,0
2018-01-07,0
2018-01-08,0
2018-01-09,0
2018-01-10,0
2018-01-11,0
2018-01-12,0
2018-01-13,0
2018-01-14,0
2018-01-15,0
2018-01-16,0
2018-01-17,0
2018-01-18,0
2018-01-19,0
2018-01-20,0
2018-01-21,0
2018-01-22,0
2018-01-23,0
2018-01-24,0
2018-01-25,0
2018-01-26,0
2018-01-27,0
2018-01-28,0
2018-01-29,0
2018-01-30,0
2018-01-31,0
2018-02-01,0
2018-02-02,0
2018-02-03,0
2018-02-04,0
2018-02-05,0
2018-02-06,0
2018-02-07,0
2018-02-08,0
2018-02-09,0
2018-02-10,0
2018-02-11,0
2018-02-12,6685317
2018-02-13,6685317
2018-02-14,6685317
2018-02-15,7335070
2018-02-16,11799306
2018-02-17,11799306
2018-02-18,11799306
2018-02-19,11799306
2018-02-20,11799306
2018-02-21,11620897
2018-02-22,9686994
2018-02-23,11924788
2018-02-24,11924788
2018-02-25,11924788
2018-02-26,11293138
2018-02-27,11293138
2018-02-28,18351636
2018-03-01,18351636
2018-03-02,18351636
2018-03-03,18351636
2018-03-04,18351636
2018-03-05,18351636
2018-03-06,15284730
2018-03-07,15284730
2018-03-08,14201508
2018-03-09,14201508
2018-03-10,14201508
2018-03-11,14201508
2018-03-12,14201508
2018-03-13,14201508
2018-03-14,14529180
2018-03-15,10883302
2018-03-16,10883302
2018-03-17,10883302
2018-03-18,10883302
2018-03-19,10883302
2018-03-20,10883302
2018-03-21,10883302
2018-03-22,10883302
2018-03-23,10883302
2018-03-24,10883302
2018-03-25,10883302
2018-03-26,10883302
2018-03-27,10883302
2018-03-28,10883302
2018-03-29,10975192
2018-03-30,8872233
2018-03-31,8872233
2018-04-01,8872233
2018-04-02,8872233
2018-04-03,8709109
2018-04-04,8709109
2018-04-05,8709109
2018-04-06,8994812
2018-04-07,11513795
2018-04-08,11513795
2018-04-09,11513795
2018-04-10,11513795
2018-04-11,11513795
2018-04-12,11513795
2018-04-13,11513795
2018-04-14,11599561
2018-04-15,11860237
2018-04-16,16745423
2018-04-17,16745423
2018-04-18,16745423
2018-04-19,16745423
2018-04-20,19173183
2018-04-21,19173183
2018-04-22,19557950
2018-04-23,21963401
2018-04-24,21963401
2018-04-25,21963401
2018-04-26,21963401
2018-04-27,22367479
2018-04-28,28948697
2018-04-29,28977326
2018-04-30,28969763
2018-05-01,28984307
2018-05-02,28977941
2018-05-03,35203792
2018-05-04,29514151
2018-05-05,29565821
2018-05-06,29590838
2018-05-07,29584982
2018-05-08,23996888
2018-05-09,24006329
2018-05-10,29220087
2018-05-11,29200576
2018-05-12,29180118
2018-05-13,29161024
2018-05-14,29172651
2018-05-15,29192404
2018-05-16,27637293
2018-05-17,27621514
2018-05-18,26702764
2018-05-19,30301579
2018-05-20,30305637
2018-05-21,30318592
2018-05-22,29046638
2018-05-23,29017571
2018-05-24,28956511
2018-05-25,28999900
2018-05-26,28971623
2018-05-27,24783617
2018-05-28,24794527
2018-05-29,24743844
2018-05-30,31952258
2018-05-31,31943323
2018-06-01,31963581
2018-06-02,31952510
2018-06-03,31986000
2018-06-04,30750887
2018-06-05,30741186
2018-06-06,30734367
2018-06-07,30749864
2018-06-08,30135166
2018-06-09,30137891
2018-06-10,30134960
2018-06-11,20200363
2018-06-12,20202458
2018-06-13,20177422
2018-06-14,20171150
2018-06-15,21673737
2018-06-16,21665463
2018-06-17,24002627
2018-06-18,24004364
2018-06-19,24031704
2018-06-20,24037291
2018-06-21,24045886
2018-06-22,23763827
2018-06-23,21165759
2018-06-24,21175105
2018-06-25,21162437
2018-06-26,21165475
2018-06-27,19744994
2018-06-28,19764441
2018-06-29,19771694
2018-06-30,22475278
2018-07-01,22483726
2018-07-02,22490475
2018-07-03,22513321
2018-07-04,22493042
2018-07-05,22510025
2018-07-06,22526670
2018-07-07,22495522
2018-07-08,25093689
2018-07-09,23126728
2018-07-10,19628038
2018-07-11,19573614
2018-07-12,19899688
2018-07-13,19890030
2018-07-14,19896837
2018-07-15,19888431
2018-07-16,19913834
2018-07-17,19929339
2018-07-18,19924898
2018-07-19,19894895
2018-07-20,20149827
2018-07-21,20590476
2018-07-22,20596340
2018-07-23,20605860
2018-07-24,20578762
2018-07-25,20265462
2018-07-26,20259382
2018-07-27,20250097
2018-07-28,17813102
2018-07-29,17815710
2018-07-30,17814972
2018-07-31,17810324
2018-08-01,17795180
2018-08-02,16575227
2018-08-03,16575865
2018-08-04,16174201
2018-08-05,16159086
2018-08-06,358439
2018-08-07,367117
2018-08-08,367758
2018-08-09,340001
2018-08-10,337587
2018-08-11,16800664
2018-08-12,16800809
2018-08-13,16533578
2018-08-14,16535473
2018-08-15,16534267
2018-08-16,16552382
2018-08-17,16562358
2018-08-18,16790597
2018-08-19,16788445
2018-08-20,16786536
2018-08-21,16782137
2018-08-22,16948572
2018-08-23,12059764
2018-08-24,14320257
2018-08-25,12189870
2018-08-26,13119602
2018-08-27,20787329
2018-08-28,21681043
2018-08-29,13842550
2018-08-30,13838204
2018-08-31,13826746
2018-09-01,33918185
2018-09-02,34461150
2018-09-03,34454043
2018-09-04,34394921
2018-09-05,34281081
2018-09-06,34141470
2018-09-07,31632459
2018-09-08,31627730
2018-09-09,31565234
2018-09-10,30914431
2018-09-11,32694805
2018-09-12,32416971
2018-09-13,32697437
2018-09-14,31981413
2018-09-15,17286027
2018-09-16,18181250
2018-09-17,16785441
2018-09-18,17156973
2018-09-19,17052370
2018-09-20,17295231
2018-09-21,17467378
2018-09-22,17735981
2018-09-23,12120894
2018-09-24,12001453
2018-09-25,10599223
2018-09-26,15541932
2018-09-27,11336827
2018-09-28,14120352
2018-09-29,15375082
2018-09-30,15840876
2018-10-01,16736615
2018-10-02,17016009
2018-10-03,16680954
2018-10-04,14741093
2018-10-05,15414443
2018-10-06,16097534
2018-10-07,15813653
2018-10-08,14055504
2018-10-09,14110331
2018-10-10,14232859
2018-10-11,14193284
2018-10-12,11928443
2018-10-13,12858389
2018-10-14,13118608
2018-10-15,13107525
2018-10-16,15120367
2018-10-17,14676038
2018-10-18,16459120
2018-10-19,15766661
2018-10-20,16173353
2018-10-21,15344886
2018-10-22,16626445
2018-10-23,17177485
2018-10-24,17060213
2018-10-25,17745805
2018-10-26,18335693
2018-10-27,16297339
2018-10-28,18124774
2018-10-29,18378903
2018-10-30,17137508
2018-10-31,15904405
2018-11-01,16170857
2018-11-02,16004698
2018-11-03,11825468
2018-11-04,18343307
2018-11-05,16132848
2018-11-06,16123521
2018-11-07,16610845
2018-11-08,16583198
2018-11-09,15826144
2018-11-10,15734245
2018-11-11,16062153
2018-11-12,15554185
2018-11-13,15761892
2018-11-14,15442880
2018-11-15,12952073
2018-11-16,12990309
2018-11-17,12813281
2018-11-18,12519141
2018-11-19,23183102
2018-11-20,10263670
2018-11-21,8741508
2018-11-22,9535385
2018-11-23,10694808
2018-11-24,10583791
2018-11-25,9642573
2018-11-26,10688756
2018-11-27,10013259
2018-11-28,11008664
2018-11-29,12544817
2018-11-30,12491893
2018-12-01,12166000
2018-12-02,13221851
2018-12-03,12384552
2018-12-04,10976654
2018-12-05,10974056
2018-12-06,9090091
2018-12-07,8277595
2018-12-08,8813639
2018-12-09,9296580
2018-12-10,8282530
2018-12-11,8164333
2018-12-12,8027331
2018-12-13,8382716
2018-12-14,7975874
2018-12-15,7395409
2018-12-16,7772209
2018-12-17,8236167
2018-12-18,9340631
2018-12-19,9786858
2018-12-20,9593244
2018-12-21,10845835
2018-12-22,11597399
2018-12-23,12002498
2018-12-24,13135497
2018-12-25,14344601
2018-12-26,13105091
2018-12-27,13964751
2018-12-28,12584979
2018-12-29,12995052
2018-12-30,4149781
2018-12-31,3926020
2019-01-01,3802744
2019-01-02,4008486
2019-01-03,5319596
2019-01-04,289570752
2019-01-05,304883618
2019-01-06,314016364
2019-01-07,302615159
2019-01-08,301528544
2019-01-09,294935504
2019-01-10,122685489
2019-01-11,260106725
2019-01-12,292940172
2019-01-13,260217997
2019-01-14,194196424
2019-01-15,263607393
2019-01-16,264927702
2019-01-17,270539227
2019-01-18,279843104
2019-01-19,246234892
2019-01-20,253866163
2019-01-21,250653941
2019-01-22,242704516
2019-01-23,238042263
2019-01-24,245751182
2019-01-25,243997393
2019-01-26,244144401
2019-01-27,247621419
2019-01-28,241999811
2019-01-29,113101993
2019-01-30,220276514
2019-01-31,224991272
2019-02-01,230868863
2019-02-02,229338297
2019-02-03,232341479
2019-02-04,232426627
2019-02-05,231779965
2019-02-06,233650015
2019-02-07,225717422
2019-02-08,231314639
2019-02-09,237932307
2019-02-10,263945502
2019-02-11,261409662
2019-02-12,266842887
2019-02-13,265032641
2019-02-14,270656042
2019-02-15,267234814
2019-02-16,279959533
2019-02-17,271616640
2019-02-18,284669961
2019-02-19,308871100
2019-02-20,328181470
2019-02-21,325575107
2019-02-22,325103155
2019-02-23,333555760
2019-02-24,335154182
2019-02-25,367148268
2019-02-26,313312485
2019-02-27,312348327
2019-02-28,315587243
2019-03-01,313264205
2019-03-02,317917225
2019-03-03,306928585
2019-03-04,308802967
2019-03-05,291872587
2019-03-06,299413989
2019-03-07,323339859
2019-03-08,325847315
2019-03-09,317686632
2019-03-10,327652303
2019-03-11,317114163
2019-03-12,314311842
2019-03-13,316017852
2019-03-14,310309736
2019-03-15,313273709
2019-03-16,319734544
2019-03-17,338848314
2019-03-18,338427917
2019-03-19,334112955
2019-03-20,331367254
2019-03-21,332058133
2019-03-22,329173533
2019-03-23,321656817
2019-03-24,324065528
2019-03-25,324888324
2019-03-26,319263059
2019-03-27,316212716
2019-03-28,331333288
2019-03-29,325149316
2019-03-30,334364887
2019-03-31,340535136
2019-04-01,337701754
2019-04-02,335250863
2019-04-03,366236322
2019-04-04,397580056
2019-04-05,382233613
2019-04-06,391714035
2019-04-07,391038985
2019-04-08,402160711
2019-04-09,422159412
2019-04-10,421201009
2019-04-11,431439729
2019-04-12,395146858
2019-04-13,396666901
2019-04-14,389297705
2019-04-15,389969859
2019-04-16,392816437
2019-04-17,383270419
2019-04-18,396528397
2019-04-19,402965067
2019-04-20,405717234
2019-04-21,399268586
2019-04-22,389058388
2019-04-23,396465156
2019-04-24,403778689
2019-04-25,379574360
2019-04-26,374166223
2019-04-27,358142236
2019-04-28,356347839
2019-04-29,360706733
2019-04-30,350720090
2019-05-01,366040359
2019-05-02,373150581
2019-05-03,366280821
2019-05-04,374710083
2019-05-05,369623355
2019-05-06,370720025
2019-05-07,371812432
2019-05-08,401884732
2019-05-09,381494784
2019-05-10,382347193
2019-05-11,379417947
2019-05-12,408271891
2019-05-13,412618171
2019-05-14,419161736
2019-05-15,447956743
2019-05-16,493000950
2019-05-17,499481561
2019-05-18,463518933
2019-05-19,473558178
2019-05-20,505820225
2019-05-21,496279202
2019-05-22,495087452
2019-05-23,497002142
2019-05-24,476495368
2019-05-25,494995333
2019-05-26,502451751
2019-05-27,487371992
2019-05-28,514872051
2019-05-29,498987033
2019-05-30,494627934
2019-05-31,512537933
2019-06-01,472847399
2019-06-02,497830025
2019-06-03,500127190
2019-06-04,485851448
2019-06-05,455464631
2019-06-06,458331950
2019-06-07,461237618
2019-06-08,465315261
2019-06-09,465711379
2019-06-10,456916372
2019-06-11,458463024
2019-06-12,452611499
2019-06-13,470698244
2019-06-14,481696600
2019-06-15,480287425
2019-06-16,491502339
2019-06-17,505563829
2019-06-18,508648762
2019-06-19,500888028
2019-06-20,499846692
2019-06-21,503507244
2019-06-22,540552020
2019-06-23,568785450
2019-06-24,567445764
2019-06-25,573143459
2019-06-26,568708212
2019-06-27,591078274
2019-06-28,552910720
2019-06-29,543051020
2019-06-30,542532241
2019-07-01,531461064
2019-07-02,525350725
2019-07-03,502883500
2019-07-04,530495517
2019-07-05,534615690
2019-07-06,532710865
2019-07-07,524221247
2019-07-08,534477607
2019-07-09,560331576
2019-07-10,563890234
2019-07-11,551630909
2019-07-12,502577319
2019-07-13,506751356
2019-07-14,492044116
2019-07-15,454555786
2019-07-16,451334563
2019-07-17,461975687
2019-07-18,443736851
2019-07-19,436985774
2019-07-20,437208909
2019-07-21,452675725
2019-07-22,487291800
2019-07-23,434230255
2019-07-24,409186274
2019-07-25,448443317
2019-07-26,428073197
2019-07-27,422243898
2019-07-28,402767290
2019-07-29,407166104
2019-07-30,406781868
2019-07-31,408697642
2019-08-01,417633282
2019-08-02,418221061
2019-08-03,428073353
2019-08-04,431471834
2019-08-05,429764804
2019-08-06,454195125
2019-08-07,436040933
2019-08-08,433419583
2019-08-09,452962074
2019-08-10,436374290
2019-08-11,428714829
2019-08-12,441895509
2019-08-13,442896825
2019-08-14,451379386
2019-08-15,433576742
2019-08-16,412932231
2019-08-17,417466602
2019-08-18,416010185
2019-08-19,431515559
2019-08-20,452669640
2019-08-21,443632021
2019-08-22,431246765
2019-08-23,430470024
2019-08-24,435344422
2019-08-25,434835163
2019-08-26,436731046
2019-08-27,435634766
2019-08-28,438418831
2019-08-29,434881647
2019-08-30,420084933
2019-08-31,419174143
2019-09-01,414229850
2019-09-02,419822865
2019-09-03,427393987
2019-09-04,446062511
2019-09-05,441680361
2019-09-06,430397388
2019-09-07,432542951
2019-09-08,431670284
2019-09-09,444064062
2019-09-10,454119915
2019-09-11,448765165
2019-09-12,448360732
2019-09-13,453065654
2019-09-14,449959697
2019-09-15,448075648
2019-09-16,476918786
2019-09-17,490743644
2019-09-18,504647334
2019-09-19,524619550
2019-09-20,521270612
2019-09-21,534853682
2019-09-22,531410497
2019-09-23,521089432
2019-09-24,513747689
2019-09-25,473798880
2019-09-26,429765681
2019-09-27,448885279
2019-09-28,448305047
2019-09-29,459055196
2019-09-30,449392756
2019-10-01,460478737
2019-10-02,468467860
2019-10-03,469759575
2019-10-04,464886362
2019-10-05,464292908
2019-10-06,458924231
2019-10-07,457835664
2019-10-08,469556828
2019-10-09,479618450
2019-10-10,497798465
2019-10-11,507867466
2019-10-12,495437951
2019-10-13,491387221
2019-10-14,495508497
2019-10-15,494457857
2019-10-16,491295305
2019-10-17,485289283
2019-10-18,488902927
2019-10-19,483195757
2019-10-20,484359011
2019-10-21,482779013
2019-10-22,501495158
2019-10-23,501612538
2019-10-24,504293040
2019-10-25,487781757
2019-10-26,536564631
2019-10-27,552363304
2019-10-28,585884484
2019-10-29,591157220
2019-10-30,598073585
2019-10-31,579395203
2019-11-01,558561779
2019-11-02,557071114
2019-11-03,557849668
2019-11-04,555886499
2019-11-05,592041728
2019-11-06,595937674
2019-11-07,597909996
2019-11-08,586054174
2019-11-09,600199426
2019-11-10,599493501
2019-11-11,583384591
2019-11-12,598450857
2019-11-13,604460707
2019-11-14,601074950
2019-11-15,596137614
2019-11-16,573659308
2019-11-17,583648172
2019-11-18,599124673
2019-11-19,608190626
2019-11-20,606769946
2019-11-21,605215546
2019-11-22,602025708
2019-11-23,568695755
2019-11-24,574619036
2019-11-25,588834677
2019-11-26,598978707
2019-11-27,614130077
2019-11-28,645973332
2019-11-29,646738314
2019-11-30,623022852
2019-12-01,618998157
2019-12-02,592530843
2019-12-03,624871193
2019-12-04,619422598
2019-12-05,616758251
2019-12-06,614418082
2019-12-07,607765633
2019-12-08,606638338
2019-12-09,630375654
2019-12-10,627975429
2019-12-11,608680182
2019-12-12,607080709
2019-12-13,617521228
2019-12-14,611408968
2019-12-15,613549511
2019-12-16,623841597
2019-12-17,614464203
2019-12-18,582714940
2019-12-19,574674054
2019-12-20,592958634
2019-12-21,596259664
2019-12-22,597689907
2019-12-23,609592628
2019-12-24,614842712
2019-12-25,604710916
2019-12-26,594297587
2019-12-27,589013702
2019-12-28,585762476
2019-12-29,594827274
2019-12-30,603662457
2019-12-31,609578786
2020-01-01,606094144
2020-01-02,605260224
2020-01-03,599700961
2020-01-04,609194464
2020-01-05,608225875
2020-01-06,610140084
2020-01-07,609488563
2020-01-08,616940071
2020-01-09,627337915
2020-01-10,591002739
2020-01-11,585697860
2020-01-12,615427563
2020-01-13,619481866
2020-01-14,627897116
2020-01-15,677754524
2020-01-16,700335339
2020-01-17,704767165
2020-01-18,729580177
2020-01-19,720435461
2020-01-20,700193516
2020-01-21,698828005
2020-01-22,728094072
2020-01-23,717928005
2020-01-24,698880694
2020-01-25,694165601
2020-01-26,701940467
2020-01-27,709907244
2020-01-28,745635194
2020-01-29,760463093
2020-01-30,772944085
2020-01-31,781557542
2020-02-01,794204774
2020-02-02,804187470
2020-02-03,814154940
2020-02-04,808800998
2020-02-05,805940611
2020-02-06,838576557
2020-02-07,878624778
2020-02-08,891727767
2020-02-09,901519597
2020-02-10,889444973
2020-02-11,882783893
2020-02-12,896848641
2020-02-13,987054648
2020-02-14,1011705815
2020-02-15,1045119349
2020-02-16,1041206488
2020-02-17,1003854491
2020-02-18,968978260
2020-02-19,1032769866
2020-02-20,956123481
2020-02-21,896019923
2020-02-22,914739349
2020-02-23,921830239
2020-02-24,945222348
2020-02-25,937314876
2020-02-26,895231268
2020-02-27,835945023
2020-02-28,829811516
2020-02-29,811948702
2020-03-01,828293436
2020-03-02,815453026
2020-03-03,818795704
2020-03-04,833516907
2020-03-05,813432960
2020-03-06,824903310
2020-03-07,850504891
2020-03-08,849998127
2020-03-09,781909022
2020-03-10,752107406
2020-03-11,770000473
2020-03-12,665641906
2020-03-13,525851096
2020-03-14,514778002
2020-03-15,484409708
2020-03-16,448184299
2020-03-17,434318818
2020-03-18,448529183
2020-03-19,445124343
2020-03-20,493642228
2020-03-21,517392587
2020-03-22,497837898
2020-03-23,476912091
2020-03-24,486317736
2020-03-25,526959232
2020-03-26,517665933
2020-03-27,527549814
2020-03-28,524942287
2020-03-29,509393752
2020-03-30,510937039
2020-03-31,534587501
2020-04-01,538376176
2020-04-02,538121598
2020-04-03,565868238
2020-04-04,578553007
2020-04-05,570144871
2020-04-06,577880379
2020-04-07,621895422
2020-04-08,647701695
2020-04-09,630170852
2020-04-10,611977022
2020-04-11,592765664
2020-04-12,589826842
2020-04-13,592503414
2020-04-14,585227311
2020-04-15,591533900
2020-04-16,588991734
2020-04-17,629446719
2020-04-18,630898211
2020-04-19,658250604
2020-04-20,672866021
2020-04-21,664914576
2020-04-22,648027848
2020-04-23,669556852
2020-04-24,676641578
2020-04-25,683341353
2020-04-26,697361971
2020-04-27,719337412
2020-04-28,722085076
2020-04-29,728167140
2020-04-30,767906915
2020-05-01,761478823
2020-05-02,767298058
2020-05-03,786258081
2020-05-04,779147498
2020-05-05,747930398
2020-05-06,778277487
2020-05-07,783840135
2020-05-08,777823899
2020-05-09,795417922
2020-05-10,797271459
2020-05-11,740775650
2020-05-12,724299529
2020-05-13,732558911
2020-05-14,726564700
2020-05-15,748941423
2020-05-16,737205932
2020-05-17,748126855
2020-05-18,750396553
2020-05-19,780951924
2020-05-20,833141935
2020-05-21,843826338
2020-05-22,818852707
2020-05-23,834623115
2020-05-24,836650227
2020-05-25,826134440
2020-05-26,821527685
2020-05-27,824166971
2020-05-28,833777143
2020-05-29,835296058
2020-05-30,860461043
2020-05-31,922003392
2020-06-01,932138792
2020-06-02,932589534
2020-06-03,961083535
2020-06-04,947052111
2020-06-05,965359060
2020-06-06,969586732
2020-06-07,968813914
2020-06-08,970008062
2020-06-09,975017952
2020-06-10,932375728
2020-06-11,946503846
2020-06-12,974272676
2020-06-13,973521611
2020-06-14,962436658
2020-06-15,944477943
2020-06-16,940672280
2020-06-17,1061094488
2020-06-18,1105540779
2020-06-19,1204604021
2020-06-20,1327349271
2020-06-21,1416669467
2020-06-22,1490653109
2020-06-23,1522333767
2020-06-24,1586636307
2020-06-25,1640441438
2020-06-26,1651089134
2020-06-27,1662901923
2020-06-28,1666854521
2020-06-29,1677355172
2020-06-30,1663748788
2020-07-01,1670850694
2020-07-02,1764777082
2020-07-03,1772901599
2020-07-04,1812469054
2020-07-05,1861224169
2020-07-06,1898045285
2020-07-07,1972462717
2020-07-08,2055942187
2020-07-09,2125543591
2020-07-10,2133734500
2020-07-11,2126408703
2020-07-12,2173923037
2020-07-13,2205398117
2020-07-14,2169248091
2020-07-15,2195390062
2020-07-16,2213524384
2020-07-17,2258111784
2020-07-18,2298315381
2020-07-19,2348525267
2020-07-20,2590383033
2020-07-21,2746186942
2020-07-22,2894266070
2020-07-23,3011436225
2020-07-24,3228090245
2020-07-25,3260769871
2020-07-26,3266427323
2020-07-27,3196840509
2020-07-28,3221568027
2020-07-29,3198928338
2020-07-30,3325120382
2020-07-31,3426725571
2020-08-01,3648572252
2020-08-02,3673641292
2020-08-03,3737402643
2020-08-04,3860160819
2020-08-05,3998888072
2020-08-06,4042749089
2020-08-07,4018369221
2020-08-08,4050812131
2020-08-09,4149123931
2020-08-10,4279970436
2020-08-11,4274720878
2020-08-12,4289913464
2020-08-13,4240334938
2020-08-14,4442292002
2020-08-15,5448312988
2020-08-16,5581089568
2020-08-17,5827303563
2020-08-18,5961340560
2020-08-19,5889965506
2020-08-20,5968164262
2020-08-21,6089881006
2020-08-22,5965629985
2020-08-23,6121622438
2020-08-24,6139782716
2020-08-25,6328266930
2020-08-26,6428640894
2020-08-27,6658236581
2020-08-28,6643211146
2020-08-29,7080432905
2020-08-30,7333063262
2020-08-31,7757328031
2020-09-01,8151918371
2020-09-02,8832690949
2020-09-03,8660171784
2020-09-04,8191541382
2020-09-05,8151087454
2020-09-06,6971328714
2020-09-07,7203836710
2020-09-08,7250758636
2020-09-09,8207846698
2020-09-10,7286283984
2020-09-11,8379632562
2020-09-12,8014646703
2020-09-13,7566579658
2020-09-14,7907995994
2020-09-15,8083049609
2020-09-16,7998899209
2020-09-17,7608636948
2020-09-18,8149255918
2020-09-19,8682384432
2020-09-20,9344197387
2020-09-21,9383345485
2020-09-22,8789787703
2020-09-23,8842556929
2020-09-24,8933496740
2020-09-25,9229653073
2020-09-26,9459568428
2020-09-27,9715772816
2020-09-28,9732238709
2020-09-29,9800292611
2020-09-30,9723391137
2020-10-01,9696330118
2020-10-02,9619202861
2020-10-03,9358812909
2020-10-04,9450541728
2020-10-05,9423401475
2020-10-06,9241603549
2020-10-07,8813445169
2020-10-08,8686320984
2020-10-09,8952732638
2020-10-10,9365495820
2020-10-11,9445789708
2020-10-12,9543575173
2020-10-13,9604117059
2020-10-14,9653801633
2020-10-15,9550043215
2020-10-16,9472203001
2020-10-17,9310800803
2020-10-18,9282165218
2020-10-19,9384641294
2020-10-20,9353042404
2020-10-21,9192813650
2020-10-22,9315812210
2020-10-23,9513315764
2020-10-24,9555889223
2020-10-25,9664767856
2020-10-26,9860074182
2020-10-27,9405216621
2020-10-28,9616219281
2020-10-29,9554977382
2020-10-30,9354083719
2020-10-31,9303183060
2020-11-01,9410786504
2020-11-02,9426976557
2020-11-03,9200512431
2020-11-04,9203161078
2020-11-05,9297227900
2020-11-06,9676852183
2020-11-07,10169183936
2020-11-08,10183253280
2020-11-09,10499129423
2020-11-10,10771804247
2020-11-11,10969688860
2020-11-12,11184649404
2020-11-13,11202689776
2020-11-14,11400406564
2020-11-15,11376397443
2020-11-16,11370961095
2020-11-17,12013339141
2020-11-18,11145079484
2020-11-19,11238617212
2020-11-20,11432638959
2020-11-21,11848455815
2020-11-22,11917653111
2020-11-23,11567806348
2020-11-24,12056134685
2020-11-25,11927967172
2020-11-26,11554357106
2020-11-27,10736134698
2020-11-28,10752315259
2020-11-29,11156796114
2020-11-30,11826652790
2020-12-01,12302510915
2020-12-02,12259603141
2020-12-03,12395241406
2020-12-04,12399071571
2020-12-05,12051638941
2020-12-06,12362786464
2020-12-07,12390532749
2020-12-08,12423211490
2020-12-09,12036601410
2020-12-10,12044796791
2020-12-11,11763024442
2020-12-12,11677691501
2020-12-13,12125541427
2020-12-14,12402892813
2020-12-15,12512441275
2020-12-16,12756278701
2020-12-17,12950389738
2020-12-18,13309375438
2020-12-19,13508041421
2020-12-20,13660001326
2020-12-21,13316982566
2020-12-22,13135924931
2020-12-23,13469396707
2020-12-24,13182750574
2020-12-25,13408162131
2020-12-26,13937400134
2020-12-27,14021059994
2020-12-28,14258238561
2020-12-29,14909567946
2020-12-30,14641764227
2020-12-31,14552030007
2021-01-01,14717115471
2021-01-02,14978893175
2021-01-03,15596780590
2021-01-04,17050776906
2021-01-05,18269138416
2021-01-06,19776260982
2021-01-07,20580427339
2021-01-08,21261236127
2021-01-09,21439089698
2021-01-10,21675498188
2021-01-11,21191828913
2021-01-12,19491633800
2021-01-13,20112586550
2021-01-14,20569006405
2021-01-15,20838785981
2021-01-16,21250369076
2021-01-17,21657923900
2021-01-18,21854128208
2021-01-19,22451453959
2021-01-20,23197068362
2021-01-21,21903489598
2021-01-22,20589407812
2021-01-23,21558903543
2021-01-24,22461160679
2021-01-25,23777484777
2021-01-26,23861405630
2021-01-27,23311292382
2021-01-28,22958746762
2021-01-29,24183133944
2021-01-30,25244195366
2021-01-31,25076016832
2021-02-01,24953511565
2021-02-02,25702835935
2021-02-03,28695890494
2021-02-04,30617150836
2021-02-05,31939569235
2021-02-06,33296016239
2021-02-07,32865500685
2021-02-08,33120097063
2021-02-09,35378924823
2021-02-10,36726950041
2021-02-11,37685701701
2021-02-12,38529551875
2021-02-13,38232275943
2021-02-14,38022089335
2021-02-15,38380562434
2021-02-16,38077752206
2021-02-17,38600106385
2021-02-18,39235079675
2021-02-19,39943132606
2021-02-20,40801482739
2021-02-21,41689540615
2021-02-22,40959553457
2021-02-23,37068759171
2021-02-24,34452082608
2021-02-25,36236866335
2021-02-26,34979580959
2021-02-27,33898763131
2021-02-28,33566253248
2021-03-01,33755963344
2021-03-02,36280848884
2021-03-03,36968237688
2021-03-04,37867608687
2021-03-05,37344322033
2021-03-06,37071220098
2021-03-07,37373084333
2021-03-08,37228615320
2021-03-09,38449322789
2021-03-10,39958193920
2021-03-11,39378624387
2021-03-12,39539541877
2021-03-13,41683209489
2021-03-14,43848159866
2021-03-15,43354201119
2021-03-16,41965866399
2021-03-17,42457738698
2021-03-18,43208011299
2021-03-19,43303796395
2021-03-20,44417717674
2021-03-21,44853818028
2021-03-22,43571892451
2021-03-23,42594890881
2021-03-24,41552256207
2021-03-25,40764159924
2021-03-26,40002118964
2021-03-27,41859588525
2021-03-28,41775822319
2021-03-29,42290449097
2021-03-30,44540437248
2021-03-31,46479098572
2021-04-01,46689831403
2021-04-02,48212739354
2021-04-03,49684181562
2021-04-04,54927572513
2021-04-05,55714423914
2021-04-06,56653612718
2021-04-07,56894514206
2021-04-08,52963339041
2021-04-09,55130203889
2021-04-10,55638199180
2021-04-11,56632070876
2021-04-12,56477439128
2021-04-13,57230197424
2021-04-14,59387165489
2021-04-15,62266192869
2021-04-16,63881985523
2021-04-17,64092841263
2021-04-18,63245632953
2021-04-19,59024801269
2021-04-20,59179492077
2021-04-21,60411328340
2021-04-22,60708182774
2021-04-23,62461173409
2021-04-24,59134991394
2021-04-25,56974053402
2021-04-26,58933698606
2021-04-27,64386658983
2021-04-28,66509933976
2021-04-29,68465356835
2021-04-30,66349820877
2021-05-01,67485378084
2021-05-02,69558738877
2021-05-03,70118274270
2021-05-04,75397901424
2021-05-05,75461083418
2021-05-06,76754194992
2021-05-07,78718821866
2021-05-08,78269741513
2021-05-09,81301662759
2021-05-10,82926062031
2021-05-11,83512190663
2021-05-12,84360839582
2021-05-13,83275749269
2021-05-14,78276975612
2021-05-15,81739444264
2021-05-16,78723499470
2021-05-17,77076068900
2021-05-18,74451695361
2021-05-19,71848931145
2021-05-20,60740603108
2021-05-21,60560094806
2021-05-22,57920875258
2021-05-23,52722538328
2021-05-24,50151973679
2021-05-25,56203430916
2021-05-26,58075468237
2021-05-27,61839815825
2021-05-28,60380755014
2021-05-29,55836897152
2021-05-30,54538578802
2021-05-31,57474107972
2021-06-01,59961164491
2021-06-02,61003811780
2021-06-03,63968244145
2021-06-04,64649728007
2021-06-05,62298322860
2021-06-06,62887108620
2021-06-07,63614720919
2021-06-08,63196066212
2021-06-09,61679706511
2021-06-10,63067265282
2021-06-11,61378907526
2021-06-12,60002650720
2021-06-13,60008800074
2021-06-14,61821204249
2021-06-15,63497384464
2021-06-16,63833078714
2021-06-17,61108225544
2021-06-18,59712055770
2021-06-19,58245694670
2021-06-20,57650979938
2021-06-21,54300989892
2021-06-22,49881584597
2021-06-23,49924152649
2021-06-24,51598468938
2021-06-25,51729425009
2021-06-26,50058007131
2021-06-27,50355753821
2021-06-28,51920224221
2021-06-29,53753146904
2021-06-30,55327339236
2021-07-01,55576890394
2021-07-02,54803752498
2021-07-03,54784174752
2021-07-04,56766963180
2021-07-05,58062661339
2021-07-06,58123991976
2021-07-07,60000103234
2021-07-08,60128004562
2021-07-09,57861769349
2021-07-10,57854031164
2021-07-11,58450588728
2021-07-12,58027985412
2021-07-13,56668113719
2021-07-14,55832578376
2021-07-15,55762722350
2021-07-16,54708408176
2021-07-17,54161717509
2021-07-18,54668811009
2021-07-19,54312373965
2021-07-20,52794590048
2021-07-21,52911814933
2021-07-22,55942538054
2021-07-23,55812665266
2021-07-24,57221120250
2021-07-25,58119626027
2021-07-26,59200648480
2021-07-27,60018001017
2021-07-28,61568903168
2021-07-29,61269818346
2021-07-30,62691080518
2021-07-31,64059560207
2021-08-01,64979256333
2021-08-02,64599098762
2021-08-03,64645608461
2021-08-04,64459785256
2021-08-05,66921094982
2021-08-06,68864435702
2021-08-07,70721026138
2021-08-08,73155130194
2021-08-09,72299411090
2021-08-10,73996301407
2021-08-11,73831824156
2021-08-12,74004562582
2021-08-13,73849270086
2021-08-14,77359941671
2021-08-15,76612820052
2021-08-16,76784169897
2021-08-17,74668677496
2021-08-18,73076645150
2021-08-19,74098509313
2021-08-20,76335323951
2021-08-21,78463198127
2021-08-22,77884097693
2021-08-23,78659010381
2021-08-24,79000458033
2021-08-25,77113660695
2021-08-26,77336327057
2021-08-27,76380620709
2021-08-28,78864364572
2021-08-29,78340279249
2021-08-30,77979864191
2021-08-31,78591270380
2021-09-01,82177206354
2021-09-02,86378270348
2021-09-03,86679058274
2021-09-04,88230737655
2021-09-05,88400041501
2021-09-06,89690093584
2021-09-07,87288236018
2021-09-08,80937371236
2021-09-09,80668771140
2021-09-10,79350976042
2021-09-11,77082864724
2021-09-12,78089491632
2021-09-13,79615828293
2021-09-14,78408320352
2021-09-15,82164353023
2021-09-16,84326447841
2021-09-17,83465478067
2021-09-18,81711141341
2021-09-19,81780239540
2021-09-20,78040392216
2021-09-21,71819275491
2021-09-22,71736279104
2021-09-23,76132408493
2021-09-24,76294532848
2021-09-25,74025931603
2021-09-26,74804140698
2021-09-27,75814553404
2021-09-28,73363611744
2021-09-29,72279323831
2021-09-30,73747857205
2021-10-01,76207691080
2021-10-02,79861802443
2021-10-03,81175850166
2021-10-04,81475562361
2021-10-05,81920885857
2021-10-06,83191195469
2021-10-07,84567895399
2021-10-08,83950773361
2021-10-09,83380565239
2021-10-10,83605903440
2021-10-11,81495669369
2021-10-12,83250838942
2021-10-13,83059370997
2021-10-14,85434264982
2021-10-15,88254778674
2021-10-16,90361453541
2021-10-17,90193004115
2021-10-18,90649126225
2021-10-19,89144463060
2021-10-20,91172582854
2021-10-21,97047001120
2021-10-22,95176238346
2021-10-23,93765032901
2021-10-24,96723687422
2021-10-25,95662309370
2021-10-26,97778506153
2021-10-27,96685401274
2021-10-28,93096794749
2021-10-29,98028159791
2021-10-30,95672042532
2021-10-31,93446977662
2021-11-01,93420365264
2021-11-02,94750748971
2021-11-03,100655909668
2021-11-04,101536799865
2021-11-05,101284975987
2021-11-06,100690009160
2021-11-07,101745288431
2021-11-08,104339664447
2021-11-09,107458598469
2021-11-10,106650954606
2021-11-11,104292429637
2021-11-12,105639752022
2021-11-13,104874944733
2021-11-14,105351486257
2021-11-15,105672131896
2021-11-16,103751409487
2021-11-17,98816311131
2021-11-18,100098214923
2021-11-19,95695084761
2021-11-20,100916877165
2021-11-21,103390090272
2021-11-22,101418354910
2021-11-23,97970589192
2021-11-24,102127755570
2021-11-25,101076715399
2021-11-26,104765309156
2021-11-27,96700781853
2021-11-28,97424900111
2021-11-29,100715820240
2021-11-30,102922662354
2021-12-01,105099634006
2021-12-02,104301176821
2021-12-03,103271063502
2021-12-04,98564514938
2021-12-05,94663283442
2021-12-06,95444089005
2021-12-07,98454714861
2021-12-08,98396355693
2021-12-09,100480767856
2021-12-10,95406808831
2021-12-11,92352745576
2021-12-12,94882493998
2021-12-13,95982741520
2021-12-14,90503771196
2021-12-15,91113762270
2021-12-16,94065329658
2021-12-17,93060811582
2021-12-18,91955105064
2021-12-19,93937386346
2021-12-20,93444346369
2021-12-21,92626484090
2021-12-22,95271208724
2021-12-23,94992345494
2021-12-24,97672207697
2021-12-25,96921165561
2021-12-26,98196305630
2021-12-27,98583172074
2021-12-28,98173748437
2021-12-29,94541056696
2021-12-30,92276171242
2021-12-31,92772944248
2022-01-01,92445274568
2022-01-02,94081300066
2022-01-03,95231747960
2022-01-04,95389299547
2022-01-05,95391754047
2022-01-06,91653002004
2022-01-07,90132586930
2022-01-08,87628159628
2022-01-09,85842731455
2022-01-10,86789072891
2022-01-11,85480071547
2022-01-12,87921351470
2022-01-13,89945109403
2022-01-14,87991527175
2022-01-15,88699062364
2022-01-16,89137496118
2022-01-17,89513745504
2022-01-18,87394920727
2022-01-19,87050959654
2022-01-20,86117469192
2022-01-21,84144588609
2022-01-22,75122869154
2022-01-23,70769720777
2022-01-24,72571934896
2022-01-25,70348273143
2022-01-26,71896659534
2022-01-27,72603010229
2022-01-28,67743462357
2022-01-29,68780649338
2022-01-30,70258933561
2022-01-31,69874254054
2022-02-01,70970297086
2022-02-02,72448166781
2022-02-03,70791608799
2022-02-04,71190935210
2022-02-05,75763275881
2022-02-06,76895161070
2022-02-07,77916134748
2022-02-08,79351460481
2022-02-09,79503031639
2022-02-10,80659227489
2022-02-11,78430643568
2022-02-12,76380308498
2022-02-13,76400351391
2022-02-14,75928417175
2022-02-15,76193927734
2022-02-16,79591078406
2022-02-17,79158742964
2022-02-18,75547228412
2022-02-19,74050228531
2022-02-20,73601008386
2022-02-21,71633606281
2022-02-22,70022060263
2022-02-23,70769567511
2022-02-24,69866508794
2022-02-25,69409908309
2022-02-26,70767599435
2022-02-27,70815256809
2022-02-28,68618663246
2022-03-01,72929678047
2022-03-02,73701359494
2022-03-03,73571173782
2022-03-04,71919036196
2022-03-05,68831200917
2022-03-06,69627544679
2022-03-07,68075864653
2022-03-08,67625462577
2022-03-09,68570632218
2022-03-10,71068404926
2022-03-11,69221860793
2022-03-12,68279342358
2022-03-13,68517114130
2022-03-14,67493591700
2022-03-15,68452317955
2022-03-16,68786221552
2022-03-17,71745246064
2022-03-18,71903421063
2022-03-19,73764840403
2022-03-20,73918423609
2022-03-21,72705286023
2022-03-22,75149457353
2022-03-23,76490726152
2022-03-24,77331681403
2022-03-25,78142154986
2022-03-26,77201090038
2022-03-27,77987475988
2022-03-28,80107115260
2022-03-29,80320676206
2022-03-30,81136469720
2022-03-31,81532283484
2022-04-01,77519959728
2022-04-02,80256488630
2022-04-03,79864141565
2022-04-04,80761409394
2022-04-05,80769674535
2022-04-06,78819421144
2022-04-07,75999098435
2022-04-08,77373295361
2022-04-09,76426248094
2022-04-10,77354179666
2022-04-11,76637289233
2022-04-12,72730154322
2022-04-13,73552849440
2022-04-14,74832552119
2022-04-15,73371242145
2022-04-16,73713179995
2022-04-17,74043294519
2022-04-18,72628934539
2022-04-19,73691314176
2022-04-20,74274125856
2022-04-21,74076566428
2022-04-22,72212089199
2022-04-23,71786877857
2022-04-24,71459550124
2022-04-25,71201850224
2022-04-26,73333572579
2022-04-27,70109589379
2022-04-28,71448622069
2022-04-29,71644250824
2022-04-30,69811758474
2022-05-01,67907051185
2022-05-02,68954295523
2022-05-03,68910210184
2022-05-04,68209364696
2022-05-05,70524724961
2022-05-06,67246422897
2022-05-07,66766751006
2022-05-08,64766166931
2022-05-09,62582752916
2022-05-10,57463709963
2022-05-11,57829403981
2022-05-12,49519276390
2022-05-13,45108175084
2022-05-14,45549868130
2022-05-15,45684160732
2022-05-16,46979243542
2022-05-17,45385838823
2022-05-18,46667365133
2022-05-19,44590053821
2022-05-20,46231602535
2022-05-21,44926148451
2022-05-22,45095514544
2022-05-23,46457127344
2022-05-24,45910381075
2022-05-25,46226968407
2022-05-26,45898406017
2022-05-27,43932563493
2022-05-28,43067424990
2022-05-29,43933165532
2022-05-30,44021403110
2022-05-31,46703256441
2022-06-01,46215373429
2022-06-02,44404037791
2022-06-03,44701061731
2022-06-04,43836206506
2022-06-05,43592527861
2022-06-06,43941520910
2022-06-07,44032486734
2022-06-08,44041662693
2022-06-09,43855790764
2022-06-10,43571381013
2022-06-11,41497449740
2022-06-12,39665753822
2022-06-13,38004351242
2022-06-14,33069549175
2022-06-15,32133620812
2022-06-16,31923686108
2022-06-17,29554641177
2022-06-18,29996389963
2022-06-19,28147099529
2022-06-20,29472368165
2022-06-21,29892547052
2022-06-22,29893655517
2022-06-23,29587152647
2022-06-24,30644439124
2022-06-25,31427555742
2022-06-26,31593301530
2022-06-27,31090861299
2022-06-28,30708219207
2022-06-29,29919340005
2022-06-30,29479279531
2022-07-01,29159053038
2022-07-02,29216726229
2022-07-03,29376083254
2022-07-04,29527069545
2022-07-05,30579347616
2022-07-06,30512777244
2022-07-07,31004982670
2022-07-08,31252119395
2022-07-09,30635028568
2022-07-10,30660985410
2022-07-11,29970430884
2022-07-12,29076053060
2022-07-13,28161154368
2022-07-14,28771865351
2022-07-15,29652764612
2022-07-16,30050098637
2022-07-17,30872371480
2022-07-18,30817779739
2022-07-19,33139380968
2022-07-20,33047197207
2022-07-21,32708957489
2022-07-22,33157584004
2022-07-23,33281684777
2022-07-24,33364727822
2022-07-25,34058418173
2022-07-26,32130492838
2022-07-27,32065354973
2022-07-28,34047917783
2022-07-29,35130874010
2022-07-30,34984982408
2022-07-31,34944364440
2022-08-01,34802749115
2022-08-02,34481840839
2022-08-03,34057608265
2022-08-04,34498729341
2022-08-05,34957081337
2022-08-06,35480921988
2022-08-07,35050083870
2022-08-08,35870543068
2022-08-09,35863016862
2022-08-10,34852152525
2022-08-11,36724604686
2022-08-12,36695182612
2022-08-13,36988055735
2022-08-14,37094708884
2022-08-15,36452411992
2022-08-16,36025661106
2022-08-17,36031319651
2022-08-18,35400628894
2022-08-19,35151855625
2022-08-20,32986604371
2022-08-21,32658984392
2022-08-22,32730300891
2022-08-23,32732098015
2022-08-24,32902464066
2022-08-25,33115574285
2022-08-26,33310467433
2022-08-27,31608659638
2022-08-28,31384111241
2022-08-29,30829450643
2022-08-30,31986078459
2022-08-31,31889557626
2022-09-01,31750479334
2022-09-02,32097859944
2022-09-03,32110914324
2022-09-04,31802636995
2022-09-05,31856713054
2022-09-06,32322430560
2022-09-07,30936263411
2022-09-08,31544054389
2022-09-09,31527119906
2022-09-10,32457985127
2022-09-11,32995068271
2022-09-12,32629831931
2022-09-13,32119178920
2022-09-14,30286370751
2022-09-15,29417443593
2022-09-16,28598987915
2022-09-17,28645105995
2022-09-18,29037572674
2022-09-19,28062011216
2022-09-20,28246274116
2022-09-21,28333754698
2022-09-22,27595702017
2022-09-23,28637036880
2022-09-24,28852539837
2022-09-25,28804699250
2022-09-26,28630985938
2022-09-27,29168830083
2022-09-28,29295432350
2022-09-29,29359635124
2022-09-30,29283956496
2022-10-01,29210469259
2022-10-02,29613976986
2022-10-03,29191859566
2022-10-04,29543315679
2022-10-05,29952177616
2022-10-06,30052095180
2022-10-07,30028000843
2022-10-08,29750283068
2022-10-09,29611145195
2022-10-10,29653496573
2022-10-11,29234601804
2022-10-12,29203782604
2022-10-13,29218540912
2022-10-14,28785821666
2022-10-15,28775134640
2022-10-16,28688942220
2022-10-17,29048886960
2022-10-18,29337578677
2022-10-19,29073332586
2022-10-20,28605955592
2022-10-21,28393191484
2022-10-22,28410314486
2022-10-23,28494861350
2022-10-24,29131863651
2022-10-25,28778036302
2022-10-26,29928016929
2022-10-27,30830274980
2022-10-28,30342799508
2022-10-29,30609545609
2022-10-30,31280700146
2022-10-31,30950794068
2022-11-01,30598112348
2022-11-02,30435000023
2022-11-03,29947486671
2022-11-04,30112154307
2022-11-05,31226294253
2022-11-06,31154965086
2022-11-07,30682529520
2022-11-08,30379692647
2022-11-09,26944071038
2022-11-10,23928607011
2022-11-11,25100906244
2022-11-12,24762728464
2022-11-13,24351751436
2022-11-14,23969122219
2022-11-15,24194149692
2022-11-16,24291673754
2022-11-17,24029571358
2022-11-18,23896352504
2022-11-19,23901300271
2022-11-20,23960680837
2022-11-21,23118680551
2022-11-22,22779214248
2022-11-23,22682434767
2022-11-24,23001272035
2022-11-25,22740507817
2022-11-26,22819132163
2022-11-27,22885478692
2022-11-28,22658149605
2022-11-29,22427933280
2022-11-30,23231755962
2022-12-01,23519185572
2022-12-02,23522619207
2022-12-03,23522690723
2022-12-04,23219137592
2022-12-05,23621376804
2022-12-06,23298184187
2022-12-07,23296857257
2022-12-08,23051270020
2022-12-09,23468276159
2022-12-10,23442139041
2022-12-11,23504797497
2022-12-12,23418405296
2022-12-13,23482467299
2022-12-14,23918066114
2022-12-15,23812801396
2022-12-16,23231637388
2022-12-17,22242880685
2022-12-18,22318891312
2022-12-19,22379106192
2022-12-20,22156411791
2022-12-21,22543742417
2022-12-22,22630587931
2022-12-23,22665769608
2022-12-24,22720603623
2022-12-25,22712536959
2022-12-26,22555957806
2022-12-27,22651370590
2022-12-28,22478740510
2022-12-29,22313961077
2022-12-30,22362782602
2022-12-31,22283999639
2023-01-01,22109657455
2023-01-02,22046623376
2023-01-03,22348200034
2023-01-04,22402375587
2023-01-05,22794534194
2023-01-06,22746608778
2023-01-07,22839300398
2023-01-08,22974689116
2023-01-09,23320806512
2023-01-10,23612255299
2023-01-11,23694191054
2023-01-12,24309000849
2023-01-13,24441859200
2023-01-14,25703974889
2023-01-15,25628015105
2023-01-16,25918098033
2023-01-17,25994158333
2023-01-18,26089795489
2023-01-19,25518012727
2023-01-20,25988983669
2023-01-21,27239313126
2023-01-22,27056999861
2023-01-23,27056568388
2023-01-24,27131929081
2023-01-25,26602078104
2023-01-26,27322103155
2023-01-27,27185936626
2023-01-28,27339114852
2023-01-29,27222972920
2023-01-30,27811381934
2023-01-31,27004649739
2023-02-01,27162296523
2023-02-02,28249553249
2023-02-03,27889047659
2023-02-04,28116727820
2023-02-05,28078520724
2023-02-06,27773414511
2023-02-07,27703882541
2023-02-08,28315009453
2023-02-09,28002244164
2023-02-10,26884413138
2023-02-11,26643850652
2023-02-12,26974074476
2023-02-13,26789700722
2023-02-14,26781974315
2023-02-15,27280351624
2023-02-16,28914526761
2023-02-17,28470125417
2023-02-18,29135584116
2023-02-19,29321295162
2023-02-20,29125451973
2023-02-21,29491108558
2023-02-22,28738256873
2023-02-23,28568458944
2023-02-24,28635490103
2023-02-25,28062980767
2023-02-26,27918028793
2023-02-27,28534510083
2023-02-28,28566460640
2023-03-01,28387169637
2023-03-02,28989497029
2023-03-03,28798622892
2023-03-04,27858464050
2023-03-05,27971490893
2023-03-06,27989062561
2023-03-07,27919777883
2023-03-08,27902726767
2023-03-09,27401850415
2023-03-10,26110363740
2023-03-11,25971082157
2023-03-12,25475142415
2023-03-13,27734403925
2023-03-14,27931976405
2023-03-15,28022050692
2023-03-16,27167149584
2023-03-17,27157399185
2023-03-18,28497553694
2023-03-19,28513915825
2023-03-20,28526995560
2023-03-21,28570018793
2023-03-22,29099814207
2023-03-23,28458496540
2023-03-24,29053688860
2023-03-25,28371928513
2023-03-26,28279068148
2023-03-27,28445760980
2023-03-28,27901655141
2023-03-29,28255970731
2023-03-30,28513639098
2023-03-31,28562793981
2023-04-01,28808775909
2023-04-02,28753577199
2023-04-03,28512795906
2023-04-04,28710975194
2023-04-05,29628130923
2023-04-06,29485832981
2023-04-07,29346198974
2023-04-08,29191589724
2023-04-09,29216082752
2023-04-10,29292132873
2023-04-11,29771062168
2023-04-12,29544234029
2023-04-13,29652143819
2023-04-14,31305322836
2023-04-15,31316630949
2023-04-16,31404984040
2023-04-17,31137380765
2023-04-18,30601505859
2023-04-19,30970271885
2023-04-20,29418368457
2023-04-21,29160701009
2023-04-22,28044801133
2023-04-23,28128533242
2023-04-24,28111545870
2023-04-25,27804126857
2023-04-26,28064169525
2023-04-27,28529199549
2023-04-28,28400952900
2023-04-29,28074176257
2023-04-30,28213114660
2023-05-01,27944240512
2023-05-02,27435525159
2023-05-03,27803096669
2023-05-04,28228573755
2023-05-05,27994633715
2023-05-06,29068781142
2023-05-07,28279713322
2023-05-08,27983241427
2023-05-09,27278876647
2023-05-10,27363288221
2023-05-11,27045028021
2023-05-12,26641929963
2023-05-13,26604967597
2023-05-14,26503513620
2023-05-15,26455971420
2023-05-16,26738890209
2023-05-17,26818129391
2023-05-18,26777024125
2023-05-19,26577730600
2023-05-20,26629141066
2023-05-21,26843417959
2023-05-22,26583653724
2023-05-23,26785322500
2023-05-24,27133316755
2023-05-25,26504130788
2023-05-26,26565832653
2023-05-27,26791102041
2023-05-28,26973497405
2023-05-29,27743554362
2023-05-30,27432471239
2023-05-31,27480279582
2023-06-01,26584912356
2023-06-02,26529637524
2023-06-03,26980346911
2023-06-04,26886746780
2023-06-05,26814417354
2023-06-06,25903814347
2023-06-07,26688835535
2023-06-08,26064440429
2023-06-09,26144552919
2023-06-10,25900235859
2023-06-11,24934346193
2023-06-12,24943500613
2023-06-13,24734386539
2023-06-14,24802118254
2023-06-15,23914487466
2023-06-16,23884944753
2023-06-17,24362400689
2023-06-18,24531135798
2023-06-19,24512927434
2023-06-20,24638425156
2023-06-21,25413914424
2023-06-22,26487186623
2023-06-23,26186574437
2023-06-24,26317689260
2023-06-25,26219110492
2023-06-26,26505183290
2023-06-27,26199986360
2023-06-28,26294354215
2023-06-29,25795070236
2023-06-30,26049918882
2023-07-01,26905925839
2023-07-02,26798016376
2023-07-03,26987309467
2023-07-04,27056969337
2023-07-05,26934738926
2023-07-06,26564278819
2023-07-07,25887820929
2023-07-08,26155476961
2023-07-09,26132617503
2023-07-10,26078633567
2023-07-11,26145509102
2023-07-12,26224780613
2023-07-13,26164766441
2023-07-14,27157628880
2023-07-15,26505228965
2023-07-16,26614846571
2023-07-17,26470163613
2023-07-18,26322273887
2023-07-19,26083060946
2023-07-20,25837951664
2023-07-21,25824879230
2023-07-22,25834539607
2023-07-23,25385847378
2023-07-24,25626138136
2023-07-25,25105600940
2023-07-26,25103611026
2023-07-27,25233671970
2023-07-28,25161112388
2023-07-29,25312980788
2023-07-30,25376902058
2023-07-31,23385485577
2023-08-01,22984866257
2023-08-02,22829991411
2023-08-03,22575780041
2023-08-04,22996136003
2023-08-05,23123155921
2023-08-06,23195779862
2023-08-07,23279948300
2023-08-08,23570143211
2023-08-09,24053526981
2023-08-10,24106836442
2023-08-11,24419942237
2023-08-12,24646141693
2023-08-13,24646083368
2023-08-14,24543862549
2023-08-15,24690220082
2023-08-16,24370352694
2023-08-17,23909999257
2023-08-18,22862554046
2023-08-19,22642258731
2023-08-20,22746289222
2023-08-21,22258751111
2023-08-22,22183392445
2023-08-23,21831290738
2023-08-24,22299327756
2023-08-25,22153098797
2023-08-26,22060196436
2023-08-27,22036159553
2023-08-28,22223553060
2023-08-29,22245485282
2023-08-30,22934467369
2023-08-31,22648837375
2023-09-01,22010728583
2023-09-02,21828757610
2023-09-03,21904052124
2023-09-04,21949754060
2023-09-05,21833672012
2023-09-06,21742725052
2023-09-07,21613892147
2023-09-08,21828608778
2023-09-09,21654476439
2023-09-10,21609854643
2023-09-11,21504568863
2023-09-12,20713552847
2023-09-13,21113121666
2023-09-14,21273698800
2023-09-15,21452945284
2023-09-16,21684462977
2023-09-17,21586631937
2023-09-18,21449465873
2023-09-19,21513186579
2023-09-20,21601611004
2023-09-21,21355156010
2023-09-22,20920820353
2023-09-23,21064891647
2023-09-24,21002123072
2023-09-25,20818273269
2023-09-26,20944467418
2023-09-27,20993402411
2023-09-28,20950109700
2023-09-29,21393725498
2023-09-30,21443546142
2023-10-01,21447581884
2023-10-02,22050888056
2023-10-03,21422226203
2023-10-04,21221025515
2023-10-05,21277291785
2023-10-06,21022484565
2023-10-07,21301793421
2023-10-08,21245628725
2023-10-09,21142315454
2023-10-10,20623902300
2023-10-11,20193827110
2023-10-12,20059310517
2023-10-13,19619076297
2023-10-14,20017587076
2023-10-15,20074814990
2023-10-16,20108636249
2023-10-17,20523220800
2023-10-18,20214507077
2023-10-19,19935209690
2023-10-20,20063881916
2023-10-21,20430763860
2023-10-22,20848280522
2023-10-23,21425828185
2023-10-24,22592606131
2023-10-25,22546506558
2023-10-26,22727222975
2023-10-27,22760442115
2023-10-28,22589371426
2023-10-29,22570236816
2023-10-30,22805376178
2023-10-31,23200062010
2023-11-01,22969457375
2023-11-02,23597806680
2023-11-03,23033265359
2023-11-04,23666220086
2023-11-05,24133361768
2023-11-06,24159348733
2023-11-07,24275036707
2023-11-08,24223989025
2023-11-09,24416664341
2023-11-10,26292313698
2023-11-11,26063719908
2023-11-12,25767403890
2023-11-13,25821087704
2023-11-14,25506882245
2023-11-15,25027292225
2023-11-16,26044049864
2023-11-17,24919563034
2023-11-18,24968404030
2023-11-19,25117799569
2023-11-20,25800549548
2023-11-21,25875355126
2023-11-22,24645908374
2023-11-23,26052316922
2023-11-24,25997741697
2023-11-25,26194154469
2023-11-26,26132375403
2023-11-27,26041140403
2023-11-28,25629398106
2023-11-29,25835961354
2023-11-30,25703159149
2023-12-01,25925014328
2023-12-02,26300951770
2023-12-03,27164470110
2023-12-04,27493839582
2023-12-05,27866107672
2023-12-06,28503058054
2023-12-07,27901141827
2023-12-08,29029267042
2023-12-09,29284907324
2023-12-10,28835642968
2023-12-11,28530450447
2023-12-12,27636810164
2023-12-13,27278648437
2023-12-14,28006919963
2023-12-15,28634557843
2023-12-16,27514685799
2023-12-17,27700926532
2023-12-18,27452619525
2023-12-19,27962395367
2023-12-20,27756927018
2023-12-21,28129338139
2023-12-22,28285705520
2023-12-23,29136971526
2023-12-24,29001517476
2023-12-25,28687798713
2023-12-26,28822180031
2023-12-27,28003053921
2023-12-28,29544635283
2023-12-29,29107858951
2023-12-30,28584315467
2023-12-31,28562612552
2024-01-01,28456785155
2024-01-02,29570368298
2024-01-03,29709173383
2024-01-04,28082433808
2024-01-05,29153299305
2024-01-06,29206125602
2024-01-07,28992283263
2024-01-08,28579105304
2024-01-09,29745414168
2024-01-10,29946753901
2024-01-11,32302488963
2024-01-12,32518070888
2024-01-13,31207288132
2024-01-14,31704821875
2024-01-15,30943288430
2024-01-16,31249068046
2024-01-17,31759513020
2024-01-18,31200453570
2024-01-19,30740378759
2024-01-20,31016668219
2024-01-21,30990282845
2024-01-22,30893691415
2024-01-23,29766294697
2024-01-24,29120228335
2024-01-25,28991375927
2024-01-26,28908031704
2024-01-27,29705272816
2024-01-28,29770845044
2024-01-29,29651251078
2024-01-30,30299070113
2024-01-31,30321108521
2024-02-01,29573960798
2024-02-02,30025167788
2024-02-03,30166507084
2024-02-04,29925172457
2024-02-05,29867725769
2024-02-06,31247785857
2024-02-07,32633700991
2024-02-08,33486881553
2024-02-09,34348212071
2024-02-10,35636492637
2024-02-11,35875154880
2024-02-12,36048523377
2024-02-13,37783759141
2024-02-14,37506472199
2024-02-15,39431983094
2024-02-16,39827431001
2024-02-17,39589843543
2024-02-18,39470088016
2024-02-19,40667069667
2024-02-20,41561829424
2024-02-21,42202709129
2024-02-22,41942416875
2024-02-23,42155631226
2024-02-24,41453886435
2024-02-25,42319115871
2024-02-26,43580571831
2024-02-27,44807266316
2024-02-28,45917865112
2024-02-29,47836017801
2024-03-01,47543147018
2024-03-02,49065880877
2024-03-03,48872509951
2024-03-04,49868587060
2024-03-05,51715334896
2024-03-06,50612595026
2024-03-07,54155590180
2024-03-08,54379014849
2024-03-09,55085436239
2024-03-10,55440285274
2024-03-11,55138010727
2024-03-12,57672055931
2024-03-13,56243057554
2024-03-14,56463049130
2024-03-15,54948135895
2024-03-16,53228718297
2024-03-17,50567715449
2024-03-18,52118466311
2024-03-19,50402346025
2024-03-20,46231972438
2024-03-21,51240739991
2024-03-22,50591812994
2024-03-23,48653003453
2024-03-24,49337870035
2024-03-25,50709364300
2024-03-26,52896954970
2024-03-27,53137248263
2024-03-28,52157336966
2024-03-29,53201060422
2024-03-30,52604757613
2024-03-31,52710898243
2024-04-01,54523682174
2024-04-02,52869665274
2024-04-03,49967499695
2024-04-04,50590947274
2024-04-05,50966524777
2024-04-06,51256318670
2024-04-07,51702599272
2024-04-08,52718638689
2024-04-09,56130745053
2024-04-10,53766446595
2024-04-11,54383081719
2024-04-12,55340809668
2024-04-13,50461042292
2024-04-14,46677910461
2024-04-15,49549357749
2024-04-16,48967325254
2024-04-17,49408057123
2024-04-18,48029831900
2024-04-19,49247241198
2024-04-20,49452998801
2024-04-21,50789462944
2024-04-22,50950573239
2024-04-23,51520288945
2024-04-24,52012238856
2024-04-25,50773928972
2024-04-26,51171473899
2024-04-27,50930051750
2024-04-28,52766651820
2024-04-29,52569365476
2024-04-30,51538784409
2024-05-01,48296432533
2024-05-02,48370676372
2024-05-03,48881297558
2024-05-04,50853934315
2024-05-05,51128616721
2024-05-06,51739034475
2024-05-07,50403560938
2024-05-08,49595615367
2024-05-09,48684057655
2024-05-10,49513155586
2024-05-11,48068043306
2024-05-12,48245142111
2024-05-13,48566023455
2024-05-14,48514298106
2024-05-15,47776747603
2024-05-16,49754261688
2024-05-17,49075511657
2024-05-18,50967404160
2024-05-19,51349365490
2024-05-20,50776619330
2024-05-21,58126806189
2024-05-22,59545966696
2024-05-23,59877013793
2024-05-24,59611253819
2024-05-25,59512390917
2024-05-26,59938076220
2024-05-27,61389378826
2024-05-28,61476150937
2024-05-29,60752545022
2024-05-30,59757082388
2024-05-31,59745444315
2024-06-01,60788470398
2024-06-02,61371589587
2024-06-03,61141515803
2024-06-04,60749618065
2024-06-05,61454209143
2024-06-06,62360762213
2024-06-07,61729175890
2024-06-08,60207236197
2024-06-09,59888566417
2024-06-10,60150312916
2024-06-11,59065756712
2024-06-12,57706515732
2024-06-13,58302321615
2024-06-14,57627125002
2024-06-15,57583884909
2024-06-16,58500907835
2024-06-17,58851164030
2024-06-18,57478206588
2024-06-19,57151534847
2024-06-20,57964807005
2024-06-21,56760146615
2024-06-22,57001902852
2024-06-23,57044143552
2024-06-24,55509163324
2024-06-25,54847507659
2024-06-26,55870486338
2024-06-27,55547918501
2024-06-28,55927360140
2024-06-29,54781930720
2024-06-30,54848555604
2024-07-01,55954930052
2024-07-02,55893478304
2024-07-03,55088544016
2024-07-04,53675123827
2024-07-05,50606868757
2024-07-06,50014145832
2024-07-07,50162886741
2024-07-08,48520251361
2024-07-09,50158895374
2024-07-10,50663509029
2024-07-11,51146121546
2024-07-12,51339313835
2024-07-13,51525294143
2024-07-14,52268037223
2024-07-15,53799578525
2024-07-16,55366601760
2024-07-17,55860179112
2024-07-18,55220476660
2024-07-19,54929657545
2024-07-20,56282387948
2024-07-21,56635147644
2024-07-22,56632450942
2024-07-23,56189790520
2024-07-24,56480764488
2024-07-25,53869027668
2024-07-26,52838647181
2024-07-27,54191983956
2024-07-28,54216262297
2024-07-29,54707293542
2024-07-30,55387360924
2024-07-31,54738786412
2024-08-01,53652960526
2024-08-02,53059490046
2024-08-03,50393382730
2024-08-04,49072891608
2024-08-05,44262985641
2024-08-06,42770489060
2024-08-07,43893176585
2024-08-08,42254794528
2024-08-09,45902030895
2024-08-10,45777412296
2024-08-11,45918449164
2024-08-12,44666564523
2024-08-13,45894673034
2024-08-14,46810958829
2024-08-15,45540732649
2024-08-16,45150211801
2024-08-17,45635074985
2024-08-18,45721321678
2024-08-19,46152809561
2024-08-20,45913756849
2024-08-21,45452356365
2024-08-22,46409899091
2024-08-23,46112062724
2024-08-24,48494463159
2024-08-25,48100104219
2024-08-26,48299455649
2024-08-27,47012333461
2024-08-28,43573895398
2024-08-29,44445561550
2024-08-30,44502922134
2024-08-31,44540881330
2024-09-01,44412056303
2024-09-02,43266391941
2024-09-03,44935571898
2024-09-04,43538013629
2024-09-05,44014184563
2024-09-06,43171296764
2024-09-07,40898450843
2024-09-08,41606148113
2024-09-09,42098475270
2024-09-10,43192906640
2024-09-11,43619453428
2024-09-12,43094433333
2024-09-13,43399688558
2024-09-14,45052004468
2024-09-15,44603737474
2024-09-16,43533546885
2024-09-17,42660260804
2024-09-18,43548819848
2024-09-19,43525284928
2024-09-20,45335456292
2024-09-21,46715976274
2024-09-22,47022962956
2024-09-23,46645885226
2024-09-24,48158834881
2024-09-25,48376421312
2024-09-26,47270234469
2024-09-27,48280785159
2024-09-28,49100367210
2024-09-29,48710354677
2024-09-30,48516668422
2024-10-01,47537597503
2024-10-02,45606842166
2024-10-03,44241819544
2024-10-04,43723668695
2024-10-05,44836636871
2024-10-06,44569732366
2024-10-07,44722300472
2024-10-08,44845909943
2024-10-09,44270787567
2024-10-10,43550273367
2024-10-11,43413705037
2024-10-12,44872334088
2024-10-13,45563518244
2024-10-14,45248965467
2024-10-15,47728527263
2024-10-16,47019541568
2024-10-17,46949221915
2024-10-18,46215409052
2024-10-19,46746508360
2024-10-20,46844251614
2024-10-21,48209555525
2024-10-22,47193656849
2024-10-23,47309105843
2024-10-24,45458505252
2024-10-25,45983188985
2024-10-26,45029932620
2024-10-27,45307426294
2024-10-28,45854989645
2024-10-29,46711632461
2024-10-30,47737380671
2024-10-31,48291276950
2024-11-01,46168307455
2024-11-02,46218582691
2024-11-03,46005364525
2024-11-04,45757782236
2024-11-05,44614876343
2024-11-06,45491310063
2024-11-07,50079866888
2024-11-08,52401967703
2024-11-09,53365529485
2024-11-10,55557020723
2024-11-11,56694563361
2024-11-12,59067589680
2024-11-13,58436722651
2024-11-14,57555904552
2024-11-15,55687737347
2024-11-16,56359886660
2024-11-17,56709126903
2024-11-18,56216813331
2024-11-19,57832232681
2024-11-20,56891314838
2024-11-21,56607269280
2024-11-22,61331490904
2024-11-23,61248706689
2024-11-24,62398932915
2024-11-25,61954271036
2024-11-26,61904218366
2024-11-27,60904976816
2024-11-28,66911739254
2024-11-29,65917090977
2024-11-30,66744857206
2024-12-01,68535301922
2024-12-02,68831581934
2024-12-03,67634632632
2024-12-04,68185020190
2024-12-05,71830070051
2024-12-06,70865333678
2024-12-07,74818520708
2024-12-08,74935417118
2024-12-09,75075410621
2024-12-10,69922364409
2024-12-11,69290182213
2024-12-12,72882020961
2024-12-13,73355273515
2024-12-14,74098565522
2024-12-15,73819597826
2024-12-16,74805846110
2024-12-17,75803396633
2024-12-18,73945646985
2024-12-19,69943568864
2024-12-20,66466435732
2024-12-21,66871934816
2024-12-22,64769195963
2024-12-23,64275768147
2024-12-24,66598341990
2024-12-25,68244670836
2024-12-26,68308279550
2024-12-27,65799102142
2024-12-28,65562534130
2024-12-29,66942539077
2024-12-30,66255843906
2024-12-31,65606829067
2025-01-01,65222470783
2025-01-02,66091671203
2025-01-03,67524404312
2025-01-04,70158112292
2025-01-05,71026614789
2025-01-06,71010694994
2025-01-07,71686284190
2025-01-08,66519582244
2025-01-09,65630602628
2025-01-10,64049279503
2025-01-11,65163047710
2025-01-12,65723575704
2025-01-13,65180901862
2025-01-14,63638930356
2025-01-15,65653604112
2025-01-16,69171966027
2025-01-17,67035267044
2025-01-18,69600045947
2025-01-19,66789008208
2025-01-20,65313344932
2025-01-21,66088977450
2025-01-22,67136379419
2025-01-23,65916273789
2025-01-24,67162209735
2025-01-25,66976637290
2025-01-26,67460871144
2025-01-27,66350081972
2025-01-28,64059493635
2025-01-29,63040685921
2025-01-30,64195384282
2025-01-31,66005458502
2025-02-01,66517340455
2025-02-02,64065917091
2025-02-03,59262334970
2025-02-04,60508535854
2025-02-05,58997756636
2025-02-06,59560663441
2025-02-07,58809397101
2025-02-08,58255772138
2025-02-09,58463919925
2025-02-10,58478222555
2025-02-11,59250240084
2025-02-12,58530876328
2025-02-13,60670358502
2025-02-14,59974548181
2025-02-15,60519722196
2025-02-16,60293665120
2025-02-17,59708202574
2025-02-18,60740644205
2025-02-19,59680720951
2025-02-20,60491508422
2025-02-21,60788601254
2025-02-22,58509169401
2025-02-23,59743686773
2025-02-24,61067827098
2025-02-25,56237995570
2025-02-26,55271053906
2025-02-27,52128350014
2025-02-28,51781211547
2025-03-01,51807851442
2025-03-02,51896098800
2025-03-03,56976821068
2025-03-04,51280421541
2025-03-05,51460680235
2025-03-06,53214375598
2025-03-07,51726581616
2025-03-08,51436059492
2025-03-09,52171697375
2025-03-10,48986064473
2025-03-11,46614420790
2025-03-12,47961035926
2025-03-13,47893922098
2025-03-14,47377326401
2025-03-15,48626450289
2025-03-16,49107757018
2025-03-17,48379781788
2025-03-18,49023210446
2025-03-19,49091294851
2025-03-20,50636966949
2025-03-21,49237106942
2025-03-22,49142800841
2025-03-23,49531334969
2025-03-24,50567458029
2025-03-25,52396808345
2025-03-26,52960756582
2025-03-27,52139637566
2025-03-28,51713349351
2025-03-29,49381019852
2025-03-30,48096032097
2025-03-31,46876167466
2025-04-01,48066387715
2025-04-02,49561441155
2025-04-03,47899539988
2025-04-04,48355162790
2025-04-05,48621402235
2025-04-06,48681634584
2025-04-07,44636652954
2025-04-08,44480935802
2025-04-09,43067449952
2025-04-10,46236868112
2025-04-11,43887386325
2025-04-12,44286735446
2025-04-13,45377849457
2025-04-14,45040483660
2025-04-15,45112944603
2025-04-16,44809982824
2025-04-17,45048062330
2025-04-18,44924475756
2025-04-19,44706872182
2025-04-20,45333390050
2025-04-21,44923258643
2025-04-22,44067188170
2025-04-23,47584782526
2025-04-24,48552859804
2025-04-25,48916530968
2025-04-26,49602363285
2025-04-27,49875487072
2025-04-28,49587165589
2025-04-29,49709573052
2025-04-30,49491983703
2025-05-01,49225781324
2025-05-02,50192306358
2025-05-03,50655576020
2025-05-04,50583789574
2025-05-05,50150485198
2025-05-06,49748796148
2025-05-07,49752492369
2025-05-08,48667920481
2025-05-09,55614245252
2025-05-10,57839417816
2025-05-11,61454123826
2025-05-12,60592024152
2025-05-13,59281578350
2025-05-14,62360867032
2025-05-15,60275616427
2025-05-16,59037825580
2025-05-17,59265921542
2025-05-18,58546782721
2025-05-19,58878623237
2025-05-20,60058451118
2025-05-21,60333793888
2025-05-22,61222647957
2025-05-23,62968729744
2025-05-24,60286282587
2025-05-25,60397167531
2025-05-26,60789511661
2025-05-27,61424526289
2025-05-28,62788812935
2025-05-29,63045203654
2025-05-30,61547503039
2025-05-31,59914421070
2025-06-01,59994198182
2025-06-02,60518718741
2025-06-03,61129695549
2025-06-04,61122611569
2025-06-05,61474182298
2025-06-06,58243620657
2025-06-07,59561910025
2025-06-08,60559206119
2025-06-09,60392763572
2025-06-10,62814722462
2025-06-11,65205869771
2025-06-12,64770896567
2025-06-13,61261288451
2025-06-14,60960605830
2025-06-15,60594827330
2025-06-16,60606452054
2025-06-17,62461858830
2025-06-18,61710566540
2025-06-19,62081722051
2025-06-20,62119378884
2025-06-21,59969529968
2025-06-22,57720790510
2025-06-23,56235797205
2025-06-24,59970736993
2025-06-25,60784416357
2025-06-26,60748742525
2025-06-27,60019086856
2025-06-28,60216436254
2025-06-29,61274524166
2025-06-30,62268251157
2025-07-01,61839181413
2025-07-02,60703161756
2025-07-03,63268990770
2025-07-04,64139572471
2025-07-05,62879303107
2025-07-06,63328972991
2025-07-07,64247092458
2025-07-08,63561615682
2025-07-09,64901821860
2025-07-10,67738714759
2025-07-11,70780292990
2025-07-12,70896864883
2025-07-13,70789437919
2025-07-14,71641706976
2025-07-15,71850436779
2025-07-16,73553898718
2025-07-17,75957514611
2025-07-18,77476662707
2025-07-19,78958690411
2025-07-20,79675402425
2025-07-21,82407034183
2025-07-22,83145548873
2025-07-23,82808874402
2025-07-24,81219161638
2025-07-25,81227126149
2025-07-26,82405796993
2025-07-27,82970106105
2025-07-28,85649028092
2025-07-29,83707464040
2025-07-30,83499732047
2025-07-31,83595260668
2025-08-01,81581079835
2025-08-02,77880459596
2025-08-03,76301271492
2025-08-04,78609579580
2025-08-05,81890928996
2025-08-06,81473108590
2025-08-07,82678488892
2025-08-08,87133588475
2025-08-09,87872685418
2025-08-10,91517358060
2025-08-11,91074471321
2025-08-12,90619095893
2025-08-13,95565708264
2025-08-14,97035058231
2025-08-15,93581360890
2025-08-16,91623122497
2025-08-17,91303833430
2025-08-18,91459016197
2025-08-19,89643702360
2025-08-20,85653000504
2025-08-21,88799227135
2025-08-22,88210637388
2025-08-23,95817090709
2025-08-24,97066080471
2025-08-25,94908508253
2025-08-26,91001491249
2025-08-27,93979108436
2025-08-28,92910085729
2025-08-29,93242978675
2025-08-30,90998613648
2025-08-31,90921320248
2025-09-01,90845838603
2025-09-02,89354759000
2025-09-03,89237134234
2025-09-04,92065330650
2025-09-05,89947817729
2025-09-06,90372715327
2025-09-07,89863915999
2025-09-08,90915199664
2025-09-09,90661892234
2025-09-10,90486381296
2025-09-11,91448590062
2025-09-12,92785987702
2025-09-13,96611101129
2025-09-14,95907290536
2025-09-15,94679235334
2025-09-16,93872472239
2025-09-17,93354332988
2025-09-18,94977469365
2025-09-19,95639355465
2025-09-20,94053170565
2025-09-21,95158878612
2025-09-22,94125704114
2025-09-23,90278063435
2025-09-24,89048990403
2025-09-25,89052841615
2025-09-26,84541336269
2025-09-27,85660038738
2025-09-28,85522961233
2025-09-29,87452223396
2025-09-30,88404585999
2025-10-01,87979361054
2025-10-02,91224556762
2025-10-03,93341494559
2025-10-04,94000298371
2025-10-05,93815070868
2025-10-06,94268450375
2025-10-07,97249447788
2025-10-08,94492748556
2025-10-09,94542210415
2025-10-10,92564473244
2025-10-11,82665817262
2025-10-12,81937780222
2025-10-13,88146146083
2025-10-14,89713253983
2025-10-15,88448789012
2025-10-16,86061193399
2025-10-17,84316070424
2025-10-18,83038494059
2025-10-19,83930318357
2025-10-20,84827379599
2025-10-21,85453954634
2025-10-22,84559391501
2025-10-23,82277572007
2025-10-24,82941670661
2025-10-25,84870391411
2025-10-26,85462130018
2025-10-27,88967297734
2025-10-28,88193263264
2025-10-29,86396064100
2025-10-30,86043154666
2025-10-31,84255338502
2025-11-01,85227763196
2025-11-02,85028377524
2025-11-03,85234922037
2025-11-04,80508457983
2025-11-05,74324473761
2025-11-06,74786848813
2025-11-07,73414849357
2025-11-08,74672849039
2025-11-09,73951393407
2025-11-10,76970504609
2025-11-11,76905615258
2025-11-12,75031754729
2025-11-13,75172752970
2025-11-14,73726411434
2025-11-15,72449915431
2025-11-16,72273496254
2025-11-17,70230967585
2025-11-18,69376220473
2025-11-19,71080916399
2025-11-20,69630498869
2025-11-21,67256985918
2025-11-22,64995066645
2025-11-23,64793775324
2025-11-24,65135422444
2025-11-25,67648526369
2025-11-26,67728309102
2025-11-27,69056964819
2025-11-28,68860282501
2025-11-29,69234096898
2025-11-30,68281257945
2025-12-01,67946729764
2025-12-02,65707087670
2025-12-03,67781332948
2025-12-04,71136351565
2025-12-05,69956587614
2025-12-06,69109426281
2025-12-07,69234247084
2025-12-08,69568285796
2025-12-09,69625933202
2025-12-10,72343721534
2025-12-11,71950751607
2025-12-12,71522047826
2025-12-13,69967124573
2025-12-14,70581311277
2025-12-15,70847700258
2025-12-16,68912983364
2025-12-17,69373848340
2025-12-18,67553014869
2025-12-19,67543596295
2025-12-20,69522040081
2025-12-21,69753637976
2025-12-22,70412574589
2025-12-23,69996111538
2025-12-24,68370397685
2025-12-25,68853288110
2025-12-26,68355173062
2025-12-27,68387169073
2025-12-28,68685259250
2025-12-29,68927366551
2025-12-30,67691823566
2025-12-31,67511549744
2026-01-01,68303033247
2026-01-02,69610565928
2026-01-03,71675037564
2026-01-04,72632878060
2026-01-05,72965722419
2026-01-06,74637970496
2026-01-07,75315145442
2026-01-08,73169107905
2026-01-09,71531669085
2026-01-10,70604072898
2026-01-11,71547843990
2026-01-12,72095239395
2026-01-13,71010937675
2026-01-14,75375568677
2026-01-15,75870501870
2026-01-16,75047391489
2026-01-17,75151762993
2026-01-18,75430252828
2026-01-19,74042995453
2026-01-20,73806152852
2026-01-21,68953038453
2026-01-22,69664433964
2026-01-23,69513110391
2026-01-24,69352786936
2026-01-25,70054903095
2026-01-26,67737250147
2026-01-27,69615075066
2026-01-28,71014232734
2026-01-29,71205343874
2026-01-30,67920300263
2026-01-31,66130822117
2026-02-01,62163139605
2026-02-02,59376214346
2026-02-03,60282737484
2026-02-04,59456643679
2026-02-05,57903056759
2026-02-06,51994292036
2026-02-07,55179354946
2026-02-08,56753828311
2026-02-09,57083112955
2026-02-10,57078017218
2026-02-11,55892868105
2026-02-12,55100675145
2026-02-13,54607006515
2026-02-14,56077348907
2026-02-15,56274955656
2026-02-16,54933947573
2026-02-17,55064886461
2026-02-18,55099343425
2026-02-19,53574702389
2026-02-20,53705775310
2026-02-21,53197416806
2026-02-22,53446141820
2026-02-23,53478919533
2026-02-24,51721929768
2026-02-25,51557315855
2026-02-26,54387728023
2026-02-27,54107403317
2026-02-28,52641192869
2026-03-01,52876750892
2026-03-02,52358694432
2026-03-03,53858233111
2026-03-04,52771073377
2026-03-05,55252947098
2026-03-06,55396072122
2026-03-07,53878752728
2026-03-08,54173103310
2026-03-09,53878920809
2026-03-10,54891263980
2026-03-11,54874895555
2026-03-12,55725656425
2026-03-13,56648156246
2026-03-14,56437733838
2026-03-15,56813315869
2026-03-16,57984261633
2026-03-17,59769490022
2026-03-18,59603346430
2026-03-19,57011569024
2026-03-20,55678699256
2026-03-21,56436082756
2026-03-22,55954082896
2026-03-23,54462486463
2026-03-24,55868163151
2026-03-25,55259467683
2026-03-26,55626340801
2026-03-27,53607755220
2026-03-28,52638514818
2026-03-29,52625286706
2026-03-30,52537865033
2026-03-31,52434773064
2026-04-01,53909538595
2026-04-02,54031862624
2026-04-03,52949994169
2026-04-04,52417944046
2026-04-05,52714652031
2026-04-06,53715953243
2026-04-07,52018540832
2026-04-08,54357011766
2026-04-09,53679624656
2026-04-10,53914845159
2026-04-11,54651387193
2026-04-12,55281636441
2026-04-13,53605617367
2026-04-14,56140782864
2026-04-15,55883373303
2026-04-16,55932707008
2026-04-17,55837131763
2026-04-18,56669550169
2026-04-19,51942764456
2026-04-20,46772065722
2026-04-21,46496187191
2026-04-22,46039842802
2026-04-23,46648949161
2026-04-24,45866249806
2026-04-25,45045612905
2026-04-26,45517789524
2026-04-27,46272514842
2026-04-28,45183718147
2026-04-29,44908400684
2026-04-30,45156781146
2026-05-01,45258512230
2026-05-02,45407770821
2026-05-03,45961768475
2026-05-04,45990028956
2026-05-05,45865140290
2026-05-06,46125139167
2026-05-07,45961680154
2026-05-08,45592376735
2026-05-09,45668799006
2026-05-10,45727638061
2026-05-11,46305315994
2026-05-12,45995377834
2026-05-13,45378380834
2026-05-14,45089675806
2026-05-15,45517724491
2026-05-16,44767077858
2026-05-17,44261955033
2026-05-18,43534298558
2026-05-19,43591471879
2026-05-20,42975206015
2026-05-21,43240040754
2026-05-22,43373788717
2026-05-23,42498000396
2026-05-24,43224217071
2026-05-25,42893868940
2026-05-26,43290055149
2026-05-27,42398664387
2026-05-28,42548794748
2026-05-29,42638389470
2026-05-30,42002902980
2026-05-31,42244516865
2026-06-01,42117808493
2026-06-02,41901938049
2026-06-03,39528983068
2026-06-04,39130329750
2026-06-05,38966978081
2026-06-06,36467184248
2026-06-07,36395618687
2026-06-08,37901575446
2026-06-09,37721042428
2026-06-10,37076471891
2026-06-11,36789556722
2026-06-12,37478622355
2026-06-13,37741243189
2026-06-14,38095702096
2026-06-15,38717678974
2026-06-16,39075589848
2026-06-17,39901531185
2026-06-18,39242074709
2026-06-19,38698904578
2026-06-20,38826779633
2026-06-21,39189811491
2026-06-22,38457619435
2026-06-23,39102623629
2026-06-24,38259877915
2026-06-25,37239253959
2026-06-26,37074112902
2026-06-27,37258996436
2026-06-28,37564569862
2026-06-29,37327980586
2026-06-30,37338397360
2026-07-01,36651395554
2026-07-02,37287715557
2026-07-03,38888534295
2026-07-04,39735156653
2026-07-05,39890969334
2026-07-06,39993255517
2026-07-07,40157062003
2026-07-08,39385495424
2026-07-09,39052398634
2026-07-10,38653197310
2026-07-11,40214067211
2026-07-12,39654546442
2026-07-13,39837858650
2026-07-14,39558990720
2026-07-15,41070595165
2026-07-16,41312086574
2026-07-17,40814516335
2026-07-18,40825435783
2026-07-19,41160281929
2026-07-20,41233617181
2026-07-21,41794897803
2026-07-22,42253993757
2026-07-23,42200470915
2026-07-24,41512670762
2026-07-25,41390048993
2026-07-26,41527728675
2026-07-27,42338053969
2026-07-28,41295197839
2026-07-29,41659683611
2026-07-30,41391162842
2026-07-31,41684154289
2026-08-01,41022588440
2026-08-02,40643876146
2026-08-03,41180158118
2026-08-04,40543211078
2026-08-05,41182032642
2026-08-06,41679805721
2026-08-07,41723495465
2026-08-08,42003397719
2026-08-09,42070381553
2026-08-10,42040655668
2026-08-11,41655442070
2026-08-12,41251244757
2026-08-13,41328898903
2026-08-14,41177975666
2026-08-15,41011520629
2026-08-16,41363737730
2026-08-17,41318466950
2026-08-18,41818766948
2026-08-19,42006256537
2026-08-20,46059853969
2026-08-21,47433299768
2026-08-22,49715630336
2026-08-23,48995429720
2026-08-24,49114210402
2026-08-25,49253960993
2026-08-26,48998083758
2026-08-27,49927655559
2026-08-28,50172272184
2026-08-29,49170970757
2026-08-30,49299973804
2026-08-31,48765909591
2026-09-01,49468673176
2026-09-02,48375062242
2026-09-03,48227239428
2026-09-04,49980894398
2026-09-05,49069744095
2026-09-06,49622429402
2026-09-07,50116800016
2026-09-08,49639354844
2026-09-09,49844627718
2026-09-10,49346567805
2026-09-11,48808557245
2026-09-12,50173351718
