date,total_cap_usd
2017-11-29,110105
2017-11-30,110105
2017-12-01,110105
2017-12-02,110105
2017-12-03,110105
2017-12-04,110105
2017-12-05,110105
2017-12-06,110105
2017-12-07,110105
2017-12-08,110105
2017-12-09,110105
2017-12-10,110105
2017-12-11,110105
2017-12-12,110105
2017-12-13,110105
2017-12-14,110105
2017-12-15,110105
2017-12-16,110105
2017-12-17,110105
2017-12-18,110105
2017-12-19,110105
2017-12-20,110105
2017-12-21,110105
2017-12-22,110105
2017-12-23,110105
2017-12-24,110105
2017-12-25,110105
2017-12-26,110105
2017-12-27,110105
2017-12-28,110105
2017-12-29,110105
2017-12-30,110105
2017-12-31,110105
2018-01-01,110105
2018-01-02,110105
2018-01-03,110105
2018-01-04,110105
2018-01-05,110105
2018-01-06,110105
2018-01-07,110105
2018-01-08,110105
2018-01-09,110105
2018-01-10,110105
2018-01-11,30146817
2018-01-12,30146817
2018-01-13,30146817
2018-01-14,30146817
2018-01-15,30146817
2018-01-16,30146817
2018-01-17,30146817
2018-01-18,30146817
2018-01-19,30146817
2018-01-20,30146817
2018-01-21,30146817
2018-01-22,30146817
2018-01-23,30146817
2018-01-24,30146817
2018-01-25,30146817
2018-01-26,30146817
2018-01-27,30146817
2018-01-28,30146817
2018-01-29,60183528
2018-01-30,60183528
2018-01-31,60183528
2018-02-01,60183528
2018-02-02,60183528
2018-02-03,60183528
2018-02-04,60183528
2018-02-05,60183528
2018-02-06,60183528
2018-02-07,60183528
2018-02-08,60183528
2018-02-09,60183528
2018-02-10,60183528
2018-02-11,60183528
2018-02-12,60183528
2018-02-13,60183528
2018-02-14,60183528
2018-02-15,60183528
2018-02-16,60183528
2018-02-17,60183528
2018-02-18,60183528
2018-02-19,60183528
2018-02-20,60183528
2018-02-21,60183528
2018-02-22,60183528
2018-02-23,60183528
2018-02-24,60183528
2018-02-25,60183528
2018-02-26,60183528
2018-02-27,60183528
2018-02-28,60183528
2018-03-01,60183528
2018-03-02,60183528
2018-03-03,60183528
2018-03-04,60183528
2018-03-05,60183528
2018-03-06,60183528
2018-03-07,60183528
2018-03-08,60183528
2018-03-09,60183528
2018-03-10,60183528
2018-03-11,60183528
2018-03-12,60183528
2018-03-13,60183528
2018-03-14,60183528
2018-03-15,60183528
2018-03-16,60183528
2018-03-17,60183528
2018-03-18,60183528
2018-03-19,60183528
2018-03-20,60183528
2018-03-21,60183528
2018-03-22,60183528
2018-03-23,60183528
2018-03-24,60183528
2018-03-25,60183528
2018-03-26,60183528
2018-03-27,60183528
2018-03-28,60183528
2018-03-29,60183528
2018-03-30,60183528
2018-03-31,60183528
2018-04-01,60183528
2018-04-02,60183528
2018-04-03,60183528
2018-04-04,60183528
2018-04-05,60183528
2018-04-06,60183528
2018-04-07,60183528
2018-04-08,60183528
2018-04-09,60183528
2018-04-10,60183528
2018-04-11,60183528
2018-04-12,60183528
2018-04-13,60183528
2018-04-14,60183528
2018-04-15,60183528
2018-04-16,60183528
2018-04-17,60183528
2018-04-18,60183528
2018-04-19,60183528
2018-04-20,60183528
2018-04-21,60183528
2018-04-22,60183528
2018-04-23,60183528
2018-04-24,60183528
2018-04-25,60183528
2018-04-26,60183528
2018-04-27,60183528
2018-04-28,60183528
2018-04-29,60183528
2018-04-30,60183528
2018-05-01,60183528
2018-05-02,60183528
2018-05-03,60183528
2018-05-04,60183528
2018-05-05,60183528
2018-05-06,60183528
2018-05-07,60183528
2018-05-08,60183528
2018-05-09,60183528
2018-05-10,60183528
2018-05-11,60183528
2018-05-12,60183528
2018-05-13,60183528
2018-05-14,60183528
2018-05-15,60183528
2018-05-16,60183528
2018-05-17,60183528
2018-05-18,60183528
2018-05-19,60183528
2018-05-20,60183528
2018-05-21,60183528
2018-05-22,60183528
2018-05-23,60183528
2018-05-24,60183528
2018-05-25,60183528
2018-05-26,60183528
2018-05-27,60183528
2018-05-28,60183528
2018-05-29,60183528
2018-05-30,60183528
2018-05-31,60183528
2018-06-01,60183528
2018-06-02,60183528
2018-06-03,60183528
2018-06-04,60183528
2018-06-05,60183528
2018-06-06,60183528
2018-06-07,60183528
2018-06-08,60183528
2018-06-09,60183528
2018-06-10,60183060
2018-06-11,60183060
2018-06-12,60183060
2018-06-13,60183060
2018-06-14,60183060
2018-06-15,60183060
2018-06-16,60183060
2018-06-17,60183060
2018-06-18,60183060
2018-06-19,60183060
2018-06-20,60183060
2018-06-21,60183060
2018-06-22,60183060
2018-06-23,60183060
2018-06-24,60183060
2018-06-25,60183060
2018-06-26,60183060
2018-06-27,60183060
2018-06-28,60183060
2018-06-29,60183060
2018-06-30,60183060
2018-07-01,60183060
2018-07-02,60183060
2018-07-03,60183060
2018-07-04,60183060
2018-07-05,60183060
2018-07-06,60183060
2018-07-07,60183060
2018-07-08,60183060
2018-07-09,60183060
2018-07-10,60183060
2018-07-11,60183060
2018-07-12,60183060
2018-07-13,60183060
2018-07-14,60183060
2018-07-15,60183060
2018-07-16,60183060
2018-07-17,60183060
2018-07-18,60183060
2018-07-19,60183060
2018-07-20,60183060
2018-07-21,60183060
2018-07-22,60183060
2018-07-23,60183060
2018-07-24,60183060
2018-07-25,60183060
2018-07-26,60183060
2018-07-27,60183060
2018-07-28,60183060
2018-07-29,30146348
2018-07-30,30146348
2018-07-31,15127992
2018-08-01,15127992
2018-08-02,15127992
2018-08-03,15127992
2018-08-04,15127992
2018-08-05,15127992
2018-08-06,15127992
2018-08-07,15127992
2018-08-08,15127992
2018-08-09,15127992
2018-08-10,15127992
2018-08-11,15127992
2018-08-12,15127992
2018-08-13,15127992
2018-08-14,15127992
2018-08-15,15127992
2018-08-16,15127992
2018-08-17,15127992
2018-08-18,15127992
2018-08-19,15127992
2018-08-20,15127992
2018-08-21,15127992
2018-08-22,15127992
2018-08-23,15127992
2018-08-24,15127992
2018-08-25,15127992
2018-08-26,15127992
2018-08-27,15127992
2018-08-28,15127992
2018-08-29,15127992
2018-08-30,15127992
2018-08-31,15127992
2018-09-01,15127992
2018-09-02,15127992
2018-09-03,15127992
2018-09-04,15127992
2018-09-05,15127992
2018-09-06,25140229
2018-09-07,25140229
2018-09-08,25140229
2018-09-09,25140229
2018-09-10,25140229
2018-09-11,25140712
2018-09-12,25392059
2018-09-13,25391909
2018-09-14,25392288
2018-09-15,25392288
2018-09-16,25392288
2018-09-17,25392288
2018-09-18,25392985
2018-09-19,26695998
2018-09-20,26696474
2018-09-21,33244652
2018-09-22,36823225
2018-09-23,37324489
2018-09-24,37324489
2018-09-25,38337242
2018-09-26,38337244
2018-09-27,40453807
2018-09-28,42437155
2018-09-29,43376361
2018-09-30,43376612
2018-10-01,43376903
2018-10-02,45388458
2018-10-03,45388413
2018-10-04,56823466
2018-10-05,57993365
2018-10-06,61183499
2018-10-07,61183499
2018-10-08,61183499
2018-10-09,60182585
2018-10-10,61552634
2018-10-11,61360426
2018-10-12,61746551
2018-10-13,69255061
2018-10-14,71929080
2018-10-15,71929080
2018-10-16,95242214
2018-10-17,109711981
2018-10-18,122669962
2018-10-19,122417342
2018-10-20,135981661
2018-10-21,141215783
2018-10-22,141215783
2018-10-23,151222891
2018-10-24,217243483
2018-10-25,257103694
2018-10-26,256515556
2018-10-27,268778018
2018-10-28,268894610
2018-10-29,268869717
2018-10-30,267841333
2018-10-31,275451031
2018-11-01,272496133
2018-11-02,269210270
2018-11-03,292132330
2018-11-04,294058746
2018-11-05,294033663
2018-11-06,298266865
2018-11-07,297779746
2018-11-08,297547742
2018-11-09,298054794
2018-11-10,296708736
2018-11-11,296708736
2018-11-12,296021542
2018-11-13,292118872
2018-11-14,297041913
2018-11-15,298967249
2018-11-16,299882149
2018-11-17,302927985
2018-11-18,303953269
2018-11-19,304152930
2018-11-20,305428397
2018-11-21,319244243
2018-11-22,326123561
2018-11-23,328024067
2018-11-24,333262460
2018-11-25,332267337
2018-11-26,332211506
2018-11-27,328550723
2018-11-28,330659500
2018-11-29,334987955
2018-11-30,345832864
2018-12-01,367519554
2018-12-02,369084000
2018-12-03,369085003
2018-12-04,387312583
2018-12-05,378001146
2018-12-06,366256061
2018-12-07,374919630
2018-12-08,381748882
2018-12-09,385657551
2018-12-10,385820137
2018-12-11,387395091
2018-12-12,380981952
2018-12-13,376954688
2018-12-14,374938971
2018-12-15,381787156
2018-12-16,382039817
2018-12-17,382024207
2018-12-18,389327690
2018-12-19,389560576
2018-12-20,397844173
2018-12-21,401433768
2018-12-22,410390309
2018-12-23,410363120
2018-12-24,410339228
2018-12-25,409321624
2018-12-26,409367178
2018-12-27,406994581
2018-12-28,412902606
2018-12-29,413094578
2018-12-30,417643665
2018-12-31,417700790
2019-01-01,418703521
2019-01-02,426564735
2019-01-03,441434209
2019-01-04,445431052
2019-01-05,656909286
2019-01-06,657861456
2019-01-07,668087067
2019-01-08,678079079
2019-01-09,686145503
2019-01-10,703514342
2019-01-11,705507303
2019-01-12,714602946
2019-01-13,724437741
2019-01-14,731674142
2019-01-15,731738123
2019-01-16,729362227
2019-01-17,686093928
2019-01-18,686127155
2019-01-19,693185573
2019-01-20,697968355
2019-01-21,697915422
2019-01-22,699320589
2019-01-23,702324563
2019-01-24,683428650
2019-01-25,694331097
2019-01-26,695918449
2019-01-27,694057902
2019-01-28,699972824
2019-01-29,684559282
2019-01-30,679941688
2019-01-31,677980074
2019-02-01,656437527
2019-02-02,656405523
2019-02-03,654566639
2019-02-04,654848641
2019-02-05,643315124
2019-02-06,642871918
2019-02-07,640843963
2019-02-08,627132420
2019-02-09,611597009
2019-02-10,611475070
2019-02-11,610173405
2019-02-12,610558760
2019-02-13,609291859
2019-02-14,593576990
2019-02-15,594209465
2019-02-16,593853460
2019-02-17,593390804
2019-02-18,592819777
2019-02-19,591365386
2019-02-20,592981187
2019-02-21,592856781
2019-02-22,575529413
2019-02-23,607983505
2019-02-24,607429187
2019-02-25,606147704
2019-02-26,604917530
2019-02-27,607194119
2019-02-28,608018395
2019-03-01,604631800
2019-03-02,609457831
2019-03-03,614875880
2019-03-04,614066103
2019-03-05,617503191
2019-03-06,617183684
2019-03-07,616311266
2019-03-08,605705037
2019-03-09,611676177
2019-03-10,612117513
2019-03-11,612152961
2019-03-12,615786107
2019-03-13,617293944
2019-03-14,616581546
2019-03-15,617405906
2019-03-16,616504073
2019-03-17,616440390
2019-03-18,615168972
2019-03-19,619934631
2019-03-20,620783471
2019-03-21,620504007
2019-03-22,626348097
2019-03-23,627092805
2019-03-24,627265746
2019-03-25,627372647
2019-03-26,627569909
2019-03-27,626551023
2019-03-28,626906132
2019-03-29,624022441
2019-03-30,623555382
2019-03-31,623329180
2019-04-01,624879301
2019-04-02,626365738
2019-04-03,629623776
2019-04-04,629220955
2019-04-05,628933457
2019-04-06,630486890
2019-04-07,630698261
2019-04-08,630813921
2019-04-09,650072928
2019-04-10,666931817
2019-04-11,705608292
2019-04-12,709478062
2019-04-13,728760160
2019-04-14,724085121
2019-04-15,726583178
2019-04-16,745335594
2019-04-17,751906981
2019-04-18,805597016
2019-04-19,805350312
2019-04-20,816170941
2019-04-21,810791842
2019-04-22,823381930
2019-04-23,820431880
2019-04-24,885025412
2019-04-25,937207494
2019-04-26,993315656
2019-04-27,1004584996
2019-04-28,1043037039
2019-04-29,1045269038
2019-04-30,1065014749
2019-05-01,1074402138
2019-05-02,1083256383
2019-05-03,1094832692
2019-05-04,1108522300
2019-05-05,1114859896
2019-05-06,1118149291
2019-05-07,1124471295
2019-05-08,1128582140
2019-05-09,1137964062
2019-05-10,1079104013
2019-05-11,1091691954
2019-05-12,1092385725
2019-05-13,1094836871
2019-05-14,1116617023
2019-05-15,1114402458
2019-05-16,1124597074
2019-05-17,1131070008
2019-05-18,1134055734
2019-05-19,1137344847
2019-05-20,1141824590
2019-05-21,1161582545
2019-05-22,1187050787
2019-05-23,1202639553
2019-05-24,1219342854
2019-05-25,1260098111
2019-05-26,1279466775
2019-05-27,1289093842
2019-05-28,1295258842
2019-05-29,1306525492
2019-05-30,1330388464
2019-05-31,1302219330
2019-06-01,1316565784
2019-06-02,1320111780
2019-06-03,1319957173
2019-06-04,1328807069
2019-06-05,1340032591
2019-06-06,1369262153
2019-06-07,1400091041
2019-06-08,1414345017
2019-06-09,1414342544
2019-06-10,1416353656
2019-06-11,1455628105
2019-06-12,1487476353
2019-06-13,1532681290
2019-06-14,1553258375
2019-06-15,1574353049
2019-06-16,1585454750
2019-06-17,1607180551
2019-06-18,1629312264
2019-06-19,1635358837
2019-06-20,1632059716
2019-06-21,1647621759
2019-06-22,1660454764
2019-06-23,1661740777
2019-06-24,1676241608
2019-06-25,1666845035
2019-06-26,1684973417
2019-06-27,1685552007
2019-06-28,1705236168
2019-06-29,1736888606
2019-06-30,1766831762
2019-07-01,1766659769
2019-07-02,1786939453
2019-07-03,1806539915
2019-07-04,1863841156
2019-07-05,1899685625
2019-07-06,1950307325
2019-07-07,1968012844
2019-07-08,1977795201
2019-07-09,2034665676
2019-07-10,2069383596
2019-07-11,2072119461
2019-07-12,2113854593
2019-07-13,2206512996
2019-07-14,2214044635
2019-07-15,2219216423
2019-07-16,2246616182
2019-07-17,2283251496
2019-07-18,2329551684
2019-07-19,2364681802
2019-07-20,2323711618
2019-07-21,2324991117
2019-07-22,2333186277
2019-07-23,2338759545
2019-07-24,2336108179
2019-07-25,2357159682
2019-07-26,2363643120
2019-07-27,2363134240
2019-07-28,2372507685
2019-07-29,2378024208
2019-07-30,2406231589
2019-07-31,2410754774
2019-08-01,2419958837
2019-08-02,2417490079
2019-08-03,2401420673
2019-08-04,2410391794
2019-08-05,2418436211
2019-08-06,2497816143
2019-08-07,2497413191
2019-08-08,2489193613
2019-08-09,2481193249
2019-08-10,2457383265
2019-08-11,2461545925
2019-08-12,2467056340
2019-08-13,2461275948
2019-08-14,2444576386
2019-08-15,2446072128
2019-08-16,2437135234
2019-08-17,2445238089
2019-08-18,2445015653
2019-08-19,2445847972
2019-08-20,2449533081
2019-08-21,2444419632
2019-08-22,2466833723
2019-08-23,2468871948
2019-08-24,2476648055
2019-08-25,2475467081
2019-08-26,2477336460
2019-08-27,2473973486
2019-08-28,2467186992
2019-08-29,2472630449
2019-08-30,2502101641
2019-08-31,2511467562
2019-09-01,2510705599
2019-09-02,2509464863
2019-09-03,2514595784
2019-09-04,2540955139
2019-09-05,2533527300
2019-09-06,2573699148
2019-09-07,2601324872
2019-09-08,2603893504
2019-09-09,2600817246
2019-09-10,2596372411
2019-09-11,2604927130
2019-09-12,2603875369
2019-09-13,2911278010
2019-09-14,2917532449
2019-09-15,2920000940
2019-09-16,2919434954
2019-09-17,2908515981
2019-09-18,2895246296
2019-09-19,2878752569
2019-09-20,2877558426
2019-09-21,2867790725
2019-09-22,2867501777
2019-09-23,2869496457
2019-09-24,2875518005
2019-09-25,2895740486
2019-09-26,2928533593
2019-09-27,2925736459
2019-09-28,2937214128
2019-09-29,2944065164
2019-09-30,2949092827
2019-10-01,2961968568
2019-10-02,2986861529
2019-10-03,3015952498
2019-10-04,3047695165
2019-10-05,3052193752
2019-10-06,3052518668
2019-10-07,3074659130
2019-10-08,3079252133
2019-10-09,3078577267
2019-10-10,3082969846
2019-10-11,3093100020
2019-10-12,3108800792
2019-10-13,3108750721
2019-10-14,3111147223
2019-10-15,3107419491
2019-10-16,3110035713
2019-10-17,3109572740
2019-10-18,3127911639
2019-10-19,3139555506
2019-10-20,3148064516
2019-10-21,3178361515
2019-10-22,3184832131
2019-10-23,3187422946
2019-10-24,3277004889
2019-10-25,3377391920
2019-10-26,3322678641
2019-10-27,3328596049
2019-10-28,3326489823
2019-10-29,3321494318
2019-10-30,3646785193
2019-10-31,3656623069
2019-11-01,3625997711
2019-11-02,3624432294
2019-11-03,3638871951
2019-11-04,3639340876
2019-11-05,3627989710
2019-11-06,3649491291
2019-11-07,3635927613
2019-11-08,3631682455
2019-11-09,3618459051
2019-11-10,3618226228
2019-11-11,3617647752
2019-11-12,3616519417
2019-11-13,3610517708
2019-11-14,3609259705
2019-11-15,3599913225
2019-11-16,3594129579
2019-11-17,3597071879
2019-11-18,3596328282
2019-11-19,3590660116
2019-11-20,3597017502
2019-11-21,3593885270
2019-11-22,3624101848
2019-11-23,3645855979
2019-11-24,3621319569
2019-11-25,3627795274
2019-11-26,3671020542
2019-11-27,3671264954
2019-11-28,3687589971
2019-11-29,3682473291
2019-11-30,3693731139
2019-12-01,3696530497
2019-12-02,3699476292
2019-12-03,3738425544
2019-12-04,3733631183
2019-12-05,3761300671
2019-12-06,3757695207
2019-12-07,3769105002
2019-12-08,3777712068
2019-12-09,3779792302
2019-12-10,3816928348
2019-12-11,4068643525
2019-12-12,4046661970
2019-12-13,4052025718
2019-12-14,4046454853
2019-12-15,4047145798
2019-12-16,4048868790
2019-12-17,4058540792
2019-12-18,4060816610
2019-12-19,4093955951
2019-12-20,4142438731
2019-12-21,4170042609
2019-12-22,4163555060
2019-12-23,4164576755
2019-12-24,4175422499
2019-12-25,4170493520
2019-12-26,4173471024
2019-12-27,4165855978
2019-12-28,4169845518
2019-12-29,4165229806
2019-12-30,4167785868
2019-12-31,4172399815
2020-01-01,4171183915
2020-01-02,4172339379
2020-01-03,5263029449
2020-01-04,5317903566
2020-01-05,5322101858
2020-01-06,5316121908
2020-01-07,5325138380
2020-01-08,5304331004
2020-01-09,5275432151
2020-01-10,5273924299
2020-01-11,5259752141
2020-01-12,5234934725
2020-01-13,5245783884
2020-01-14,5231385318
2020-01-15,5216671448
2020-01-16,5235012363
2020-01-17,5232415331
2020-01-18,5224614339
2020-01-19,5221882346
2020-01-20,5227154052
2020-01-21,5221336668
2020-01-22,5219971982
2020-01-23,5227729620
2020-01-24,5215652091
2020-01-25,5226584411
2020-01-26,5220949191
2020-01-27,5223306407
2020-01-28,5213807404
2020-01-29,5241286354
2020-01-30,5225319308
2020-01-31,5227722361
2020-02-01,5223708022
2020-02-02,5225343587
2020-02-03,5229795520
2020-02-04,5235733266
2020-02-05,5221892129
2020-02-06,5215313720
2020-02-07,5221658747
2020-02-08,5211462780
2020-02-09,5215838450
2020-02-10,5243178189
2020-02-11,5224485837
2020-02-12,5222502601
2020-02-13,5217445835
2020-02-14,5226055786
2020-02-15,5224982222
2020-02-16,5224513135
2020-02-17,5233688392
2020-02-18,5242743901
2020-02-19,5228236453
2020-02-20,5228023411
2020-02-21,5226047156
2020-02-22,5232028938
2020-02-23,5231475395
2020-02-24,5241127908
2020-02-25,5219704618
2020-02-26,5217265149
2020-02-27,5212229955
2020-02-28,5235746126
2020-02-29,5228258455
2020-03-01,5223885102
2020-03-02,5229647485
2020-03-03,5231240071
2020-03-04,5244698752
2020-03-05,5244149199
2020-03-06,5228153391
2020-03-07,5243060587
2020-03-08,5241439606
2020-03-09,5211954498
2020-03-10,5247349957
2020-03-11,5248279700
2020-03-12,5275124338
2020-03-13,5300063186
2020-03-14,5388296097
2020-03-15,5325996363
2020-03-16,5391280199
2020-03-17,5408977302
2020-03-18,5424695019
2020-03-19,5358062292
2020-03-20,5440815259
2020-03-21,5481009210
2020-03-22,5435070454
2020-03-23,5460360343
2020-03-24,5479578866
2020-03-25,5498952201
2020-03-26,5523480109
2020-03-27,5509246065
2020-03-28,5486237668
2020-03-29,5497449798
2020-03-30,5504589512
2020-03-31,5498129318
2020-04-01,5484245718
2020-04-02,5506879823
2020-04-03,7520361335
2020-04-04,7562443213
2020-04-05,7557471767
2020-04-06,7572365440
2020-04-07,7551042009
2020-04-08,7548153522
2020-04-09,7568216566
2020-04-10,7579440165
2020-04-11,7585666155
2020-04-12,7585181801
2020-04-13,7597510990
2020-04-14,7588940386
2020-04-15,7613376819
2020-04-16,7594803190
2020-04-17,7819217665
2020-04-18,7801664672
2020-04-19,7800496165
2020-04-20,7823573706
2020-04-21,7830793196
2020-04-22,7810784076
2020-04-23,8587470416
2020-04-24,8553117734
2020-04-25,8572630885
2020-04-26,8604432709
2020-04-27,8625455878
2020-04-28,8633110935
2020-04-29,8600774867
2020-04-30,9147699579
2020-05-01,9140635937
2020-05-02,9207527701
2020-05-03,9228432767
2020-05-04,9255372698
2020-05-05,9230502496
2020-05-06,9314529388
2020-05-07,9385201295
2020-05-08,9549415672
2020-05-09,9624782717
2020-05-10,9786861585
2020-05-11,9949939825
2020-05-12,9963394794
2020-05-13,10116820987
2020-05-14,10136924145
2020-05-15,10264751759
2020-05-16,10320558024
2020-05-17,10341701634
2020-05-18,10434326150
2020-05-19,10406775076
2020-05-20,10376233394
2020-05-21,10407425906
2020-05-22,10385964684
2020-05-23,10363482963
2020-05-24,10370019549
2020-05-25,10442671143
2020-05-26,10484879220
2020-05-27,10475714784
2020-05-28,10504143820
2020-05-29,10521810563
2020-05-30,10519046047
2020-05-31,10585121020
2020-06-01,10554004111
2020-06-02,10586824965
2020-06-03,10671128095
2020-06-04,10695185238
2020-06-05,10737882005
2020-06-06,10738031561
2020-06-07,10761958070
2020-06-08,10787742244
2020-06-09,10823151728
2020-06-10,10829666746
2020-06-11,10890764535
2020-06-12,10905210278
2020-06-13,10968146982
2020-06-14,10974580616
2020-06-15,10981821533
2020-06-16,10993052761
2020-06-17,11046065654
2020-06-18,11076394900
2020-06-19,11128934632
2020-06-20,11221972787
2020-06-21,11269431397
2020-06-22,11291371486
2020-06-23,11339256517
2020-06-24,11296008399
2020-06-25,11311637151
2020-06-26,11296196966
2020-06-27,11332058794
2020-06-28,11374659438
2020-06-29,11380691760
2020-06-30,11358673903
2020-07-01,11383093396
2020-07-02,11425556916
2020-07-03,11431108455
2020-07-04,11483052161
2020-07-05,11548633482
2020-07-06,11565106680
2020-07-07,11583052130
2020-07-08,11613650912
2020-07-09,11655649781
2020-07-10,11700112852
2020-07-11,11725234590
2020-07-12,11771509505
2020-07-13,11763836778
2020-07-14,11780976433
2020-07-15,11773476460
2020-07-16,11813810554
2020-07-17,11830259623
2020-07-18,11849455193
2020-07-19,11894179709
2020-07-20,11969106677
2020-07-21,11938472006
2020-07-22,11975957518
2020-07-23,12097975744
2020-07-24,12204801535
2020-07-25,12347906320
2020-07-26,12372278797
2020-07-27,12465221658
2020-07-28,12383296918
2020-07-29,12687742037
2020-07-30,12857007871
2020-07-31,12945799525
2020-08-01,12997040523
2020-08-02,13171858040
2020-08-03,13308724862
2020-08-04,13363209257
2020-08-05,13431874835
2020-08-06,13517437732
2020-08-07,13606345989
2020-08-08,13782849335
2020-08-09,13931351384
2020-08-10,14015095923
2020-08-11,14044986697
2020-08-12,14201087438
2020-08-13,14274053304
2020-08-14,14412843493
2020-08-15,14729755991
2020-08-16,14716514938
2020-08-17,14789004093
2020-08-18,14946391238
2020-08-19,15211544080
2020-08-20,15234414789
2020-08-21,15351565275
2020-08-22,15483952267
2020-08-23,15589971518
2020-08-24,15651852185
2020-08-25,15683049208
2020-08-26,15713038116
2020-08-27,15739839907
2020-08-28,15916692357
2020-08-29,16027177068
2020-08-30,16239233729
2020-08-31,16279044423
2020-09-01,15532002662
2020-09-02,15710624166
2020-09-03,15988893435
2020-09-04,16074034556
2020-09-05,16250017617
2020-09-06,16314487648
2020-09-07,16369358912
2020-09-08,16693319540
2020-09-09,16683353126
2020-09-10,17028544020
2020-09-11,17127423300
2020-09-12,17222888229
2020-09-13,17296473959
2020-09-14,17626513489
2020-09-15,16766487247
2020-09-16,17914861141
2020-09-17,18167633011
2020-09-18,18397062583
2020-09-19,18522247374
2020-09-20,18818356670
2020-09-21,18900033656
2020-09-22,18962696330
2020-09-23,18988744019
2020-09-24,19071443302
2020-09-25,19143946257
2020-09-26,19167981519
2020-09-27,19254845168
2020-09-28,19302943363
2020-09-29,19215170367
2020-09-30,19222845395
2020-10-01,19240552781
2020-10-02,19388146193
2020-10-03,19469681949
2020-10-04,19515757283
2020-10-05,19538488716
2020-10-06,19556497402
2020-10-07,19592005881
2020-10-08,19610520376
2020-10-09,19885140655
2020-10-10,19968511646
2020-10-11,20027811790
2020-10-12,20049862183
2020-10-13,20076105724
2020-10-14,20044629130
2020-10-15,20031295392
2020-10-16,20020759547
2020-10-17,19996328714
2020-10-18,19989049444
2020-10-19,20028314554
2020-10-20,20161464213
2020-10-21,20490481064
2020-10-22,20582540993
2020-10-23,20687161494
2020-10-24,20667287789
2020-10-25,20703575834
2020-10-26,20739303757
2020-10-27,20820459145
2020-10-28,20852357853
2020-10-29,21000285806
2020-10-30,21036905639
2020-10-31,21187499543
2020-11-01,21231726205
2020-11-02,21248302437
2020-11-03,21233946173
2020-11-04,21366589230
2020-11-05,21322481969
2020-11-06,21608958242
2020-11-07,21720781734
2020-11-08,21755135515
2020-11-09,21741002105
2020-11-10,21681847475
2020-11-11,21851417384
2020-11-12,22050019495
2020-11-13,22221618449
2020-11-14,22249954555
2020-11-15,22293125031
2020-11-16,22295960588
2020-11-17,22431750392
2020-11-18,22375423887
2020-11-19,22386337655
2020-11-20,22566217488
2020-11-21,22967085725
2020-11-22,23021343457
2020-11-23,23085482714
2020-11-24,23245455645
2020-11-25,23468751798
2020-11-26,23476455550
2020-11-27,23456593336
2020-11-28,23444438936
2020-11-29,23590477413
2020-11-30,23608193267
2020-12-01,24042598073
2020-12-02,24234987463
2020-12-03,24292980539
2020-12-04,24394975270
2020-12-05,24602472650
2020-12-06,24631922957
2020-12-07,24679621713
2020-12-08,24610380941
2020-12-09,24603810064
2020-12-10,24601247569
2020-12-11,24755657672
2020-12-12,24801836725
2020-12-13,24925034081
2020-12-14,24978025621
2020-12-15,25045581404
2020-12-16,25274413332
2020-12-17,25408602917
2020-12-18,25434573975
2020-12-19,25692992103
2020-12-20,25835344038
2020-12-21,25829530660
2020-12-22,25956637288
2020-12-23,25937013754
2020-12-24,26187858197
2020-12-25,26491777649
2020-12-26,26526907626
2020-12-27,26550584276
2020-12-28,26583425154
2020-12-29,26831297054
2020-12-30,26887152847
2020-12-31,27064715439
2021-01-01,27375658126
2021-01-02,28273706662
2021-01-03,29253311943
2021-01-04,29421759680
2021-01-05,29278125285
2021-01-06,30082707424
2021-01-07,31125447521
2021-01-08,31205749318
2021-01-09,32056057167
2021-01-10,32342791893
2021-01-11,32265050108
2021-01-12,32277903447
2021-01-13,32566525810
2021-01-14,32637676033
2021-01-15,32643280328
2021-01-16,32786523404
2021-01-17,33013894956
2021-01-18,32988630915
2021-01-19,33542943279
2021-01-20,33588749567
2021-01-21,33767194674
2021-01-22,33816917907
2021-01-23,34070284632
2021-01-24,34120643812
2021-01-25,34279281923
2021-01-26,34222369790
2021-01-27,34732159954
2021-01-28,35415385053
2021-01-29,36040572347
2021-01-30,36551703484
2021-01-31,36629455491
2021-02-01,37167703961
2021-02-02,37086696036
2021-02-03,35663097749
2021-02-04,38242784718
2021-02-05,38765375111
2021-02-06,39983126144
2021-02-07,40081733742
2021-02-08,41494705769
2021-02-09,41832015214
2021-02-10,43063490614
2021-02-11,43411624696
2021-02-12,43642979052
2021-02-13,44805054278
2021-02-14,45273122444
2021-02-15,45318287216
2021-02-16,45778782256
2021-02-17,46681235565
2021-02-18,46840234398
2021-02-19,47471759076
2021-02-20,49109402708
2021-02-21,49566655523
2021-02-22,49555991966
2021-02-23,49998356144
2021-02-24,49999448699
2021-02-25,50562420978
2021-02-26,50336048106
2021-02-27,51066701418
2021-02-28,50754678543
2021-03-01,52105582169
2021-03-02,52516852234
2021-03-03,54029072554
2021-03-04,53444825224
2021-03-05,53892609327
2021-03-06,54054094234
2021-03-07,54357759822
2021-03-08,54355635147
2021-03-09,54101141780
2021-03-10,55427420786
2021-03-11,55698583027
2021-03-12,56023489973
2021-03-13,56422136775
2021-03-14,56458947299
2021-03-15,57499218523
2021-03-16,58209242175
2021-03-17,58347051686
2021-03-18,58668266552
2021-03-19,58962195777
2021-03-20,59207118625
2021-03-21,60280760071
2021-03-22,60481721213
2021-03-23,60713414482
2021-03-24,60538066683
2021-03-25,60604268208
2021-03-26,60788650682
2021-03-27,62237804352
2021-03-28,62382334411
2021-03-29,62853307642
2021-03-30,62475929792
2021-03-31,62756614847
2021-04-01,63839005507
2021-04-02,63976734696
2021-04-03,66361769333
2021-04-04,66701988845
2021-04-05,67160922257
2021-04-06,68255596889
2021-04-07,68301609274
2021-04-08,68730624080
2021-04-09,69324515525
2021-04-10,69590908069
2021-04-11,69839769482
2021-04-12,70820724092
2021-04-13,70668087878
2021-04-14,73247005131
2021-04-15,73646108667
2021-04-16,74259179696
2021-04-17,76389791626
2021-04-18,76976630064
2021-04-19,80001982827
2021-04-20,80222515351
2021-04-21,81117622475
2021-04-22,81467114707
2021-04-23,81838661523
2021-04-24,81969558368
2021-04-25,81910379244
2021-04-26,82661750821
2021-04-27,83025228288
2021-04-28,83081012479
2021-04-29,83896411610
2021-04-30,83557084261
2021-05-01,84911176660
2021-05-02,85388401447
2021-05-03,86631372130
2021-05-04,86753985494
2021-05-05,89046190495
2021-05-06,89599264423
2021-05-07,90157181884
2021-05-08,90325387449
2021-05-09,90643431396
2021-05-10,91978780612
2021-05-11,93602042339
2021-05-12,94481568010
2021-05-13,94525992235
2021-05-14,94057749920
2021-05-15,94695973939
2021-05-16,94711525005
2021-05-17,95201516932
2021-05-18,96805673841
2021-05-19,96359554909
2021-05-20,95190806599
2021-05-21,97007684922
2021-05-22,99100270831
2021-05-23,99805569542
2021-05-24,100951864953
2021-05-25,101575300669
2021-05-26,101860855193
2021-05-27,102916476566
2021-05-28,104040708564
2021-05-29,104784309319
2021-05-30,104335023551
2021-05-31,102350266106
2021-06-01,105707446119
2021-06-02,106345950326
2021-06-03,106332473404
2021-06-04,106967813792
2021-06-05,107179699301
2021-06-06,107489513559
2021-06-07,107957707483
2021-06-08,107416963070
2021-06-09,108121522882
2021-06-10,108422839999
2021-06-11,108050872917
2021-06-12,107848326042
2021-06-13,108151032611
2021-06-14,108259833778
2021-06-15,108346066674
2021-06-16,108489463314
2021-06-17,107812615186
2021-06-18,108128283541
2021-06-19,108300043137
2021-06-20,108613564826
2021-06-21,108934049122
2021-06-22,108735600177
2021-06-23,109513511902
2021-06-24,109690229073
2021-06-25,109839758153
2021-06-26,109981883594
2021-06-27,110333596798
2021-06-28,110493923380
2021-06-29,110005223288
2021-06-30,109620926186
2021-07-01,110117369949
2021-07-02,110328987665
2021-07-03,111052164600
2021-07-04,111039173339
2021-07-05,110519660446
2021-07-06,111191183702
2021-07-07,111547956542
2021-07-08,111403859088
2021-07-09,111894898754
2021-07-10,111876191965
2021-07-11,111987671768
2021-07-12,111785033408
2021-07-13,112124869750
2021-07-14,111915645613
2021-07-15,111874878412
2021-07-16,112647189273
2021-07-17,111854212971
2021-07-18,112318599424
2021-07-19,112698274707
2021-07-20,112449698155
2021-07-21,112547114480
2021-07-22,113015426044
2021-07-23,112904681262
2021-07-24,113222444248
2021-07-25,113453703630
2021-07-26,113951105151
2021-07-27,113677857718
2021-07-28,114263356795
2021-07-29,113864411550
2021-07-30,114086188070
2021-07-31,114664254169
2021-08-01,114087518678
2021-08-02,114041827687
2021-08-03,114206765922
2021-08-04,114569446648
2021-08-05,112672180971
2021-08-06,113221422090
2021-08-07,113618576750
2021-08-08,114881527345
2021-08-09,114928147283
2021-08-10,115005621682
2021-08-11,114538705870
2021-08-12,114605586658
2021-08-13,114793537848
2021-08-14,114607821685
2021-08-15,115632961456
2021-08-16,115792598962
2021-08-17,115650786821
2021-08-18,115585763625
2021-08-19,115799908806
2021-08-20,116422107244
2021-08-21,116537394180
2021-08-22,116545856390
2021-08-23,118127799293
2021-08-24,115740949966
2021-08-25,117742605523
2021-08-26,117628481785
2021-08-27,117576424380
2021-08-28,118035339948
2021-08-29,118096327305
2021-08-30,118131543242
2021-08-31,118044808424
2021-09-01,118462298510
2021-09-02,118561229842
2021-09-03,119630285058
2021-09-04,119786178879
2021-09-05,119863005188
2021-09-06,120999045509
2021-09-07,123078023288
2021-09-08,123611941629
2021-09-09,124015253020
2021-09-10,124346819079
2021-09-11,123492343794
2021-09-12,124004448107
2021-09-13,124564131458
2021-09-14,123983966147
2021-09-15,124282410800
2021-09-16,124187104932
2021-09-17,124440305071
2021-09-18,124932503717
2021-09-19,124849410109
2021-09-20,125090267495
2021-09-21,124133615603
2021-09-22,123914115583
2021-09-23,125141977906
2021-09-24,125792201787
2021-09-25,126522461588
2021-09-26,127197461002
2021-09-27,127671458775
2021-09-28,126299908074
2021-09-29,126308864603
2021-09-30,127365031050
2021-10-01,127126472526
2021-10-02,127213858690
2021-10-03,127295300467
2021-10-04,127673601281
2021-10-05,127636018533
2021-10-06,127875440099
2021-10-07,128307640967
2021-10-08,128500383443
2021-10-09,128712011414
2021-10-10,128950939683
2021-10-11,129000466654
2021-10-12,129619444823
2021-10-13,129150916259
2021-10-14,129280694684
2021-10-15,129545417019
2021-10-16,129760473173
2021-10-17,129767918195
2021-10-18,129644690225
2021-10-19,129449962362
2021-10-20,129392550662
2021-10-21,129879533369
2021-10-22,129571555181
2021-10-23,130175649476
2021-10-24,130401523894
2021-10-25,130325720237
2021-10-26,130379038072
2021-10-27,129851989316
2021-10-28,130532974537
2021-10-29,131020387743
2021-10-30,131490254956
2021-10-31,131867911789
2021-11-01,131653666044
2021-11-02,133172305764
2021-11-03,134291799367
2021-11-04,134220641041
2021-11-05,135559529763
2021-11-06,136992988877
2021-11-07,136832830695
2021-11-08,138124190100
2021-11-09,137053349049
2021-11-10,139553905414
2021-11-11,139719047373
2021-11-12,139448011689
2021-11-13,140555809113
2021-11-14,140962968933
2021-11-15,142182097325
2021-11-16,142011059169
2021-11-17,143000477617
2021-11-18,144346811131
2021-11-19,144032962241
2021-11-20,145948841562
2021-11-21,146593710830
2021-11-22,146477738499
2021-11-23,146073263732
2021-11-24,146532932562
2021-11-25,146936205770
2021-11-26,147755296884
2021-11-27,148414235620
2021-11-28,148785519438
2021-11-29,148950392158
2021-11-30,148383381279
2021-12-01,149077932307
2021-12-02,149796521755
2021-12-03,149674844232
2021-12-04,151428385148
2021-12-05,152628040752
2021-12-06,153451959695
2021-12-07,154200800435
2021-12-08,155033649078
2021-12-09,153107416018
2021-12-10,155456882274
2021-12-11,155559529761
2021-12-12,156248467348
2021-12-13,156342320990
2021-12-14,156217907370
2021-12-15,158120196514
2021-12-16,158180759526
2021-12-17,158040694294
2021-12-18,158501915801
2021-12-19,159098354014
2021-12-20,158802558654
2021-12-21,160356889734
2021-12-22,160739762243
2021-12-23,159336251374
2021-12-24,159950199063
2021-12-25,160292553534
2021-12-26,160179383799
2021-12-27,161408699190
2021-12-28,161357191387
2021-12-29,161386084121
2021-12-30,161265277003
2021-12-31,162533919428
2022-01-01,161894743362
2022-01-02,166987595403
2022-01-03,166080942224
2022-01-04,166332078829
2022-01-05,166333283414
2022-01-06,167283567567
2022-01-07,167108560575
2022-01-08,166919250273
2022-01-09,166346460737
2022-01-10,166260314932
2022-01-11,167500397800
2022-01-12,167719722167
2022-01-13,168618635217
2022-01-14,168856168877
2022-01-15,169138581565
2022-01-16,169278285205
2022-01-17,169659131618
2022-01-18,170236237095
2022-01-19,169757218620
2022-01-20,170333439008
2022-01-21,171065590048
2022-01-22,170276902283
2022-01-23,172442522123
2022-01-24,171824202644
2022-01-25,173012638344
2022-01-26,172881281051
2022-01-27,174010306137
2022-01-28,174261313570
2022-01-29,172832143375
2022-01-30,173648545159
2022-01-31,173207296275
2022-02-01,173678332432
2022-02-02,174201986706
2022-02-03,174825395209
2022-02-04,175776833285
2022-02-05,177275489393
2022-02-06,176170914216
2022-02-07,176667458603
2022-02-08,176894462623
2022-02-09,177661497092
2022-02-10,178219583732
2022-02-11,179183896185
2022-02-12,179781430738
2022-02-13,179765102930
2022-02-14,179968597850
2022-02-15,179787974604
2022-02-16,180400192308
2022-02-17,180332737691
2022-02-18,180633941521
2022-02-19,181045560108
2022-02-20,182048298273
2022-02-21,181619160509
2022-02-22,181936067990
2022-02-23,182243008686
2022-02-24,182628232789
2022-02-25,183135172500
2022-02-26,182601536593
2022-02-27,183359601774
2022-02-28,184075922014
2022-03-01,183440999761
2022-03-02,183563878698
2022-03-03,183790867201
2022-03-04,183571957441
2022-03-05,183521384113
2022-03-06,183751921664
2022-03-07,183944742776
2022-03-08,182926360712
2022-03-09,183521655865
2022-03-10,183874214120
2022-03-11,184318113320
2022-03-12,184287863476
2022-03-13,184539718857
2022-03-14,184771633265
2022-03-15,184558839140
2022-03-16,184479266367
2022-03-17,184699501176
2022-03-18,185427952276
2022-03-19,186033730246
2022-03-20,186236571910
2022-03-21,186495318153
2022-03-22,186460445884
2022-03-23,186233178424
2022-03-24,185599897164
2022-03-25,185879702771
2022-03-26,185461986125
2022-03-27,185691609319
2022-03-28,185597675271
2022-03-29,185430949275
2022-03-30,186285614394
2022-03-31,187096302148
2022-04-01,186622372566
2022-04-02,187391942652
2022-04-03,187056596134
2022-04-04,187011943815
2022-04-05,186796803621
2022-04-06,186882362226
2022-04-07,186004443848
2022-04-08,186109968175
2022-04-09,186415512678
2022-04-10,186820952888
2022-04-11,186823358795
2022-04-12,186028430149
2022-04-13,186322317740
2022-04-14,185838228053
2022-04-15,185898595642
2022-04-16,185872684306
2022-04-17,185876599678
2022-04-18,186014332758
2022-04-19,185805045771
2022-04-20,185990856370
2022-04-21,186135614099
2022-04-22,186550806481
2022-04-23,186884288700
2022-04-24,187119500222
2022-04-25,186963531157
2022-04-26,187015867133
2022-04-27,186538263699
2022-04-28,186459057703
2022-04-29,186357929000
2022-04-30,186793183826
2022-05-01,187059239551
2022-05-02,186861568501
2022-05-03,186591731522
2022-05-04,186657318211
2022-05-05,186220855767
2022-05-06,186443085966
2022-05-07,185659333778
2022-05-08,185444316534
2022-05-09,180003932412
2022-05-10,176977547082
2022-05-11,176021893184
2022-05-12,160111332612
2022-05-13,159859520640
2022-05-14,158564041612
2022-05-15,158008821059
2022-05-16,158064097460
2022-05-17,159413236718
2022-05-18,158263160172
2022-05-19,158499144778
2022-05-20,159156483288
2022-05-21,158417603244
2022-05-22,158475938087
2022-05-23,158578457825
2022-05-24,158670219361
2022-05-25,158827028632
2022-05-26,158969444065
2022-05-27,158594112075
2022-05-28,158141251758
2022-05-29,158317850025
2022-05-30,158210159072
2022-05-31,158731339487
2022-06-01,159296790757
2022-06-02,160264129409
2022-06-03,159387989292
2022-06-04,159378201658
2022-06-05,159318404528
2022-06-06,159329214489
2022-06-07,159224391538
2022-06-08,159107444347
2022-06-09,159078010669
2022-06-10,159146853848
2022-06-11,158697485989
2022-06-12,158416739423
2022-06-13,158139729196
2022-06-14,156870816044
2022-06-15,155935668777
2022-06-16,155143029661
2022-06-17,154643688106
2022-06-18,154095812453
2022-06-19,154180025567
2022-06-20,153950288992
2022-06-21,153296812292
2022-06-22,153414687876
2022-06-23,153383413427
2022-06-24,152987239268
2022-06-25,152990202603
2022-06-26,153199371691
2022-06-27,153193419304
2022-06-28,152962218106
2022-06-29,152893740186
2022-06-30,152787706050
2022-07-01,152663528744
2022-07-02,153384513551
2022-07-03,153348368239
2022-07-04,153224621112
2022-07-05,153260988596
2022-07-06,153295218999
2022-07-07,153046068807
2022-07-08,152802950055
2022-07-09,152953664677
2022-07-10,152973934393
2022-07-11,152865402930
2022-07-12,153033567872
2022-07-13,152730651477
2022-07-14,152735818223
2022-07-15,152809370833
2022-07-16,152258105635
2022-07-17,152317341745
2022-07-18,152412018425
2022-07-19,152660769584
2022-07-20,152570537599
2022-07-21,152764751593
2022-07-22,152712129660
2022-07-23,152843691759
2022-07-24,152948190147
2022-07-25,152932405690
2022-07-26,152907898899
2022-07-27,152829637494
2022-07-28,152905558958
2022-07-29,152712189988
2022-07-30,152828151594
2022-07-31,152833987943
2022-08-01,152833041936
2022-08-02,153097134125
2022-08-03,153030596754
2022-08-04,153020117328
2022-08-05,152940674070
2022-08-06,153105336268
2022-08-07,153138488098
2022-08-08,153056197389
2022-08-09,152821750179
2022-08-10,152750660561
2022-08-11,153033620298
2022-08-12,152981946072
2022-08-13,152815246311
2022-08-14,153052198595
2022-08-15,152536438261
2022-08-16,152841879383
2022-08-17,152724168260
2022-08-18,152690537523
2022-08-19,152470975082
2022-08-20,152367337262
2022-08-21,152282317340
2022-08-22,152234784913
2022-08-23,152034289031
2022-08-24,152158530460
2022-08-25,152194411557
2022-08-26,152204960264
2022-08-27,152292982406
2022-08-28,152361362480
2022-08-29,152140370272
2022-08-30,152275885173
2022-08-31,152599035949
2022-09-01,152389636805
2022-09-02,152314925267
2022-09-03,152120765301
2022-09-04,152142773500
2022-09-05,151999751305
2022-09-06,151896505206
2022-09-07,151910082825
2022-09-08,152011707374
2022-09-09,152163017507
2022-09-10,152272290976
2022-09-11,152395436852
2022-09-12,152385513269
2022-09-13,152330872619
2022-09-14,152345006191
2022-09-15,151977282591
2022-09-16,151746440370
2022-09-17,151593630116
2022-09-18,151672147751
2022-09-19,151612209732
2022-09-20,151760430439
2022-09-21,152015582173
2022-09-22,151863974857
2022-09-23,151864979297
2022-09-24,151661881491
2022-09-25,151620437493
2022-09-26,151340517326
2022-09-27,150597739297
2022-09-28,150487696958
2022-09-29,149988645060
2022-09-30,149499660119
2022-10-01,148247368029
2022-10-02,148255813414
2022-10-03,148285671461
2022-10-04,148065422909
2022-10-05,148028552799
2022-10-06,148098167043
2022-10-07,148139349891
2022-10-08,148305018403
2022-10-09,148316236619
2022-10-10,148300398649
2022-10-11,148102920497
2022-10-12,147995883556
2022-10-13,147485526756
2022-10-14,147060157172
2022-10-15,146643247363
2022-10-16,146628630690
2022-10-17,146555979156
2022-10-18,146361958944
2022-10-19,146267526538
2022-10-20,146178122653
2022-10-21,145772402320
2022-10-22,145572640625
2022-10-23,145632327322
2022-10-24,145665641345
2022-10-25,145340003450
2022-10-26,145220004099
2022-10-27,145406750198
2022-10-28,145329325883
2022-10-29,145440460393
2022-10-30,145544750521
2022-10-31,145639694887
2022-11-01,145218376181
2022-11-02,145240308198
2022-11-03,145105309553
2022-11-04,145239425891
2022-11-05,145414801244
2022-11-06,145461251733
2022-11-07,145820548890
2022-11-08,146804845954
2022-11-09,147100056756
2022-11-10,145340576354
2022-11-11,145762480474
2022-11-12,145596596170
2022-11-13,144925359847
2022-11-14,144756738409
2022-11-15,144582168711
2022-11-16,144629322669
2022-11-17,144210345085
2022-11-18,143848646324
2022-11-19,144038279532
2022-11-20,144068839763
2022-11-21,144102429484
2022-11-22,143250860856
2022-11-23,143249926867
2022-11-24,142611228750
2022-11-25,142860699045
2022-11-26,142561523105
2022-11-27,142738408946
2022-11-28,142732619105
2022-11-29,141689098658
2022-11-30,141060756851
2022-12-01,140911454436
2022-12-02,140745840430
2022-12-03,141006889555
2022-12-04,141176178083
2022-12-05,141280980585
2022-12-06,141031306910
2022-12-07,140892699531
2022-12-08,140728332181
2022-12-09,140665248584
2022-12-10,140587487802
2022-12-11,140634134203
2022-12-12,140748682010
2022-12-13,140396114017
2022-12-14,140008478227
2022-12-15,139796532354
2022-12-16,139827012912
2022-12-17,139367752776
2022-12-18,139538766142
2022-12-19,139561090303
2022-12-20,139197132905
2022-12-21,138935084247
2022-12-22,138709461547
2022-12-23,138566492407
2022-12-24,138066241077
2022-12-25,138112325948
2022-12-26,138119567624
2022-12-27,138102727108
2022-12-28,137634147686
2022-12-29,137674202313
2022-12-30,137585903468
2022-12-31,137457066907
2023-01-01,137354723242
2023-01-02,137454973923
2023-01-03,137442015493
2023-01-04,137110563314
2023-01-05,137062846905
2023-01-06,136772164881
2023-01-07,136459013265
2023-01-08,136596474461
2023-01-09,136575021783
2023-01-10,136326203322
2023-01-11,136506356344
2023-01-12,136572855908
2023-01-13,136671912282
2023-01-14,136420249118
2023-01-15,136612025328
2023-01-16,136787130533
2023-01-17,136710186110
2023-01-18,136254621761
2023-01-19,136136583497
2023-01-20,136088256279
2023-01-21,136280273037
2023-01-22,136562513589
2023-01-23,136658943316
2023-01-24,136496759260
2023-01-25,136518041461
2023-01-26,136806901696
2023-01-27,137016558937
2023-01-28,136844934538
2023-01-29,137001726301
2023-01-30,136954238448
2023-01-31,136622261802
2023-02-01,136701038486
2023-02-02,136648060543
2023-02-03,136920131292
2023-02-04,136640143005
2023-02-05,136664055095
2023-02-06,136708667208
2023-02-07,136596615395
2023-02-08,136440741078
2023-02-09,136312002815
2023-02-10,136174027423
2023-02-11,136181813978
2023-02-12,136176267826
2023-02-13,136121109034
2023-02-14,136233489369
2023-02-15,136088895947
2023-02-16,135703043005
2023-02-17,135833107481
2023-02-18,135770978035
2023-02-19,135788590695
2023-02-20,135838652785
2023-02-21,135504034616
2023-02-22,135272901820
2023-02-23,135012058601
2023-02-24,134871069073
2023-02-25,134855093502
2023-02-26,134976439527
2023-02-27,134897788649
2023-02-28,134598011067
2023-03-01,134455610391
2023-03-02,134286929536
2023-03-03,134462132798
2023-03-04,134487439968
2023-03-05,134578051700
2023-03-06,134646041124
2023-03-07,134442923214
2023-03-08,134466136644
2023-03-09,134364643505
2023-03-10,134371491348
2023-03-11,134015399006
2023-03-12,131234867571
2023-03-13,134768059720
2023-03-14,133438643231
2023-03-15,132321136166
2023-03-16,132679479135
2023-03-17,132774050347
2023-03-18,132755579538
2023-03-19,133136757166
2023-03-20,132866172521
2023-03-21,133171107299
2023-03-22,132992860397
2023-03-23,132823056549
2023-03-24,133009932398
2023-03-25,133314984725
2023-03-26,133441042456
2023-03-27,132584857852
2023-03-28,132169678294
2023-03-29,131798152588
2023-03-30,131744789169
2023-03-31,131727344888
2023-04-01,131215079685
2023-04-02,131142616209
2023-04-03,131367953551
2023-04-04,131919729431
2023-04-05,131285300974
2023-04-06,131221409261
2023-04-07,131432566779
2023-04-08,131444301689
2023-04-09,131634513804
2023-04-10,131322420932
2023-04-11,131428767130
2023-04-12,131367794570
2023-04-13,131292870912
2023-04-14,131408503342
2023-04-15,131357055451
2023-04-16,131247395572
2023-04-17,131166144989
2023-04-18,131050337662
2023-04-19,130782715221
2023-04-20,130815625349
2023-04-21,130642993399
2023-04-22,129430536024
2023-04-23,130306403993
2023-04-24,130340660576
2023-04-25,130271173682
2023-04-26,130106693959
2023-04-27,130269178722
2023-04-28,130073483667
2023-04-29,129957434267
2023-04-30,129898107897
2023-05-01,129933348723
2023-05-02,130274969492
2023-05-03,130297022520
2023-05-04,129882757831
2023-05-05,129762123803
2023-05-06,130260153565
2023-05-07,130181863824
2023-05-08,130015021695
2023-05-09,130102993575
2023-05-10,130230224084
2023-05-11,130081156232
2023-05-12,130004263179
2023-05-13,130044117826
2023-05-14,130017558582
2023-05-15,130013225266
2023-05-16,129924836362
2023-05-17,129746997186
2023-05-18,129478180511
2023-05-19,129604708095
2023-05-20,129477882174
2023-05-21,129602545343
2023-05-22,129496286275
2023-05-23,129379033068
2023-05-24,129309993488
2023-05-25,128914199572
2023-05-26,128888069148
2023-05-27,128880297082
2023-05-28,128912215482
2023-05-29,128960826208
2023-05-30,128945183621
2023-05-31,128901070051
2023-06-01,128850909985
2023-06-02,128776525845
2023-06-03,128812123354
2023-06-04,128726003080
2023-06-05,128768606277
2023-06-06,128634295777
2023-06-07,128487699325
2023-06-08,128360181677
2023-06-09,128279669325
2023-06-10,127790754993
2023-06-11,127926193259
2023-06-12,127984088696
2023-06-13,127697723276
2023-06-14,127559408969
2023-06-15,127336855690
2023-06-16,128136945268
2023-06-17,128325882394
2023-06-18,127988897513
2023-06-19,127985635138
2023-06-20,128099603715
2023-06-21,128647589491
2023-06-22,128164024627
2023-06-23,128152201330
2023-06-24,128206046421
2023-06-25,128488626473
2023-06-26,128266719969
2023-06-27,128199350198
2023-06-28,128253857345
2023-06-29,127762528299
2023-06-30,127696126803
2023-07-01,127088380083
2023-07-02,127066828482
2023-07-03,127110699448
2023-07-04,127297876207
2023-07-05,127420692365
2023-07-06,127253062727
2023-07-07,126793981553
2023-07-08,126790389101
2023-07-09,126812683815
2023-07-10,126706340037
2023-07-11,126613586102
2023-07-12,126462339306
2023-07-13,126329651268
2023-07-14,126598324525
2023-07-15,126614821831
2023-07-16,126662902641
2023-07-17,126581288602
2023-07-18,126421281412
2023-07-19,126361242382
2023-07-20,126087049767
2023-07-21,126046063882
2023-07-22,125893021769
2023-07-23,125891829858
2023-07-24,125792659517
2023-07-25,125599210218
2023-07-26,125513024946
2023-07-27,125490996957
2023-07-28,125320416785
2023-07-29,125158144769
2023-07-30,125400346941
2023-07-31,125275869934
2023-08-01,125210740962
2023-08-02,124991322409
2023-08-03,124819044906
2023-08-04,124567396680
2023-08-05,124313963282
2023-08-06,124348346873
2023-08-07,124301871611
2023-08-08,124162214646
2023-08-09,124384601724
2023-08-10,124285507588
2023-08-11,124030372626
2023-08-12,123931009927
2023-08-13,124042323821
2023-08-14,124075359010
2023-08-15,123627747939
2023-08-16,123335304802
2023-08-17,123030572214
2023-08-18,123012242741
2023-08-19,122660540921
2023-08-20,122877645464
2023-08-21,122997339160
2023-08-22,124056504405
2023-08-23,123951660114
2023-08-24,123991720072
2023-08-25,124056023295
2023-08-26,124100056074
2023-08-27,124112326374
2023-08-28,124224026630
2023-08-29,124282763061
2023-08-30,124716260826
2023-08-31,124842345255
2023-09-01,124857422696
2023-09-02,124851396659
2023-09-03,124844882378
2023-09-04,124881384157
2023-09-05,124621537377
2023-09-06,124164753687
2023-09-07,123979226402
2023-09-08,123755131754
2023-09-09,123879024531
2023-09-10,123949683291
2023-09-11,124118973773
2023-09-12,123888598516
2023-09-13,124031159518
2023-09-14,124045053187
2023-09-15,124016889579
2023-09-16,123888049181
2023-09-17,123985604359
2023-09-18,124011406235
2023-09-19,123952475546
2023-09-20,124073751114
2023-09-21,124062274685
2023-09-22,123992125119
2023-09-23,124071821734
2023-09-24,124084379622
2023-09-25,124129856904
2023-09-26,123913314418
2023-09-27,123780062851
2023-09-28,123702780585
2023-09-29,123888758903
2023-09-30,123444764341
2023-10-01,123559096211
2023-10-02,123590096529
2023-10-03,123766591747
2023-10-04,123613379470
2023-10-05,123479583561
2023-10-06,123655656671
2023-10-07,123915345838
2023-10-08,123903415258
2023-10-09,123968708195
2023-10-10,124019782417
2023-10-11,123715682819
2023-10-12,123492177938
2023-10-13,123279382689
2023-10-14,123274463607
2023-10-15,123326762798
2023-10-16,123394960965
2023-10-17,123454281528
2023-10-18,123648473815
2023-10-19,123867559182
2023-10-20,124462550355
2023-10-21,124375033968
2023-10-22,124346542758
2023-10-23,124309587906
2023-10-24,124601884858
2023-10-25,123833880750
2023-10-26,124233627337
2023-10-27,124227611046
2023-10-28,124055967622
2023-10-29,124068582062
2023-10-30,124190150653
2023-10-31,124008468597
2023-11-01,123905832203
2023-11-02,124171216171
2023-11-03,124056198829
2023-11-04,124431862326
2023-11-05,124583648486
2023-11-06,124649601746
2023-11-07,124690345432
2023-11-08,125025863698
2023-11-09,124978127264
2023-11-10,125113811720
2023-11-11,125405350270
2023-11-12,125469906734
2023-11-13,125482870660
2023-11-14,125642666933
2023-11-15,125494252603
2023-11-16,125824738001
2023-11-17,126149974871
2023-11-18,126338101585
2023-11-19,126498683249
2023-11-20,126486272743
2023-11-21,126953745063
2023-11-22,127042938163
2023-11-23,127068895756
2023-11-24,127059418511
2023-11-25,127689655425
2023-11-26,127670199178
2023-11-27,127640205277
2023-11-28,127485552663
2023-11-29,127772474167
2023-11-30,127852719134
2023-12-01,127948093173
2023-12-02,128110223308
2023-12-03,128174740983
2023-12-04,128296081082
2023-12-05,128103483042
2023-12-06,128382059184
2023-12-07,128409230273
2023-12-08,128393716769
2023-12-09,128575863142
2023-12-10,128899947357
2023-12-11,128869596763
2023-12-12,128669914738
2023-12-13,128030693760
2023-12-14,128451763108
2023-12-15,128634831991
2023-12-16,128882935843
2023-12-17,129041436012
2023-12-18,128992830308
2023-12-19,128948737697
2023-12-20,129400463250
2023-12-21,129746203152
2023-12-22,129728001569
2023-12-23,130073496579
2023-12-24,130241787760
2023-12-25,130182219084
2023-12-26,130142144288
2023-12-27,129831928513
2023-12-28,130283545191
2023-12-29,130102946794
2023-12-30,130198905763
2023-12-31,130100873955
2024-01-01,129835465344
2024-01-02,130359543289
2024-01-03,130495587520
2024-01-04,131034400020
2024-01-05,131721601505
2024-01-06,132136850036
2024-01-07,132515556695
2024-01-08,132442642373
2024-01-09,132722037672
2024-01-10,132693055518
2024-01-11,133148676456
2024-01-12,133467506552
2024-01-13,132822771248
2024-01-14,133458626347
2024-01-15,133618377331
2024-01-16,133303795971
2024-01-17,133278138346
2024-01-18,133813139215
2024-01-19,133187146307
2024-01-20,133357755233
2024-01-21,133576068810
2024-01-22,133298151343
2024-01-23,133445247758
2024-01-24,134239664029
2024-01-25,134071787725
2024-01-26,134259049797
2024-01-27,134480470305
2024-01-28,134553192201
2024-01-29,134614894664
2024-01-30,134937258573
2024-01-31,134750117737
2024-02-01,134786519351
2024-02-02,135157723114
2024-02-03,135132492095
2024-02-04,135090414698
2024-02-05,135168564024
2024-02-06,135012752422
2024-02-07,135351706897
2024-02-08,135667630993
2024-02-09,135966774702
2024-02-10,136192593198
2024-02-11,136463514053
2024-02-12,136688944067
2024-02-13,136284379153
2024-02-14,136470963551
2024-02-15,137431095301
2024-02-16,137262657542
2024-02-17,137619179089
2024-02-18,137810375209
2024-02-19,137706207623
2024-02-20,137709750897
2024-02-21,137807503911
2024-02-22,137841062988
2024-02-23,138199151984
2024-02-24,138821066421
2024-02-25,138581467409
2024-02-26,138693603544
2024-02-27,139148005602
2024-02-28,139722158180
2024-02-29,140197045346
2024-03-01,140749449279
2024-03-02,141304851068
2024-03-03,141394227581
2024-03-04,141792254627
2024-03-05,141999585537
2024-03-06,142164715866
2024-03-07,142487669141
2024-03-08,143005261947
2024-03-09,144209742982
2024-03-10,144508363687
2024-03-11,144736914503
2024-03-12,145477904658
2024-03-13,145732944341
2024-03-14,146536570116
2024-03-15,146807368620
2024-03-16,146722849744
2024-03-17,146855193193
2024-03-18,146529001543
2024-03-19,147234672494
2024-03-20,147623147605
2024-03-21,147143684059
2024-03-22,147707634309
2024-03-23,147752673617
2024-03-24,148085040442
2024-03-25,147906937959
2024-03-26,149232929479
2024-03-27,149528490726
2024-03-28,149487016829
2024-03-29,149732467337
2024-03-30,149939286818
2024-03-31,150171409389
2024-04-01,149906995726
2024-04-02,150330438571
2024-04-03,150981523184
2024-04-04,152363668724
2024-04-05,153239216598
2024-04-06,154339943470
2024-04-07,154367571366
2024-04-08,154143542854
2024-04-09,154172233337
2024-04-10,153966643269
2024-04-11,153675918103
2024-04-12,154273055264
2024-04-13,154479368835
2024-04-14,155090997992
2024-04-15,155118347030
2024-04-16,155664848712
2024-04-17,156656885689
2024-04-18,154364386476
2024-04-19,157600994660
2024-04-20,156276857598
2024-04-21,156392908286
2024-04-22,158570394751
2024-04-23,159115199780
2024-04-24,159058333668
2024-04-25,159599142810
2024-04-26,159639918567
2024-04-27,159431076344
2024-04-28,159606156862
2024-04-29,159599684201
2024-04-30,159322079673
2024-05-01,159481996837
2024-05-02,159118521542
2024-05-03,159253694523
2024-05-04,159894414081
2024-05-05,160193853222
2024-05-06,160178998468
2024-05-07,160125836168
2024-05-08,159868427948
2024-05-09,159760675591
2024-05-10,159805642752
2024-05-11,159596976793
2024-05-12,159728264899
2024-05-13,159685207983
2024-05-14,159776738180
2024-05-15,159556754306
2024-05-16,160123997700
2024-05-17,160267110601
2024-05-18,160515760602
2024-05-19,160852464994
2024-05-20,160806872161
2024-05-21,160510917895
2024-05-22,160585011241
2024-05-23,160635544091
2024-05-24,160450160582
2024-05-25,160809224456
2024-05-26,160811334981
2024-05-27,160514814670
2024-05-28,160429560300
2024-05-29,160175004615
2024-05-30,159839802866
2024-05-31,160250795420
2024-06-01,160372577740
2024-06-02,160426735664
2024-06-03,160203799385
2024-06-04,160531048086
2024-06-05,160815349817
2024-06-06,161005142656
2024-06-07,161153566834
2024-06-08,161477742937
2024-06-09,161523651297
2024-06-10,161576828310
2024-06-11,161250169068
2024-06-12,161073600343
2024-06-13,161333446753
2024-06-14,161424314240
2024-06-15,161481659849
2024-06-16,161212016131
2024-06-17,161304990194
2024-06-18,161141160511
2024-06-19,161592233764
2024-06-20,161381854536
2024-06-21,161482664543
2024-06-22,161757170763
2024-06-23,161774637166
2024-06-24,161488233084
2024-06-25,161432664723
2024-06-26,161465725681
2024-06-27,161507329624
2024-06-28,161412052205
2024-06-29,161167254158
2024-06-30,161147631713
2024-07-01,160905446788
2024-07-02,161112492538
2024-07-03,161026570735
2024-07-04,161090270584
2024-07-05,161415870498
2024-07-06,161779801103
2024-07-07,161851930267
2024-07-08,161873243872
2024-07-09,161879435498
2024-07-10,162179907624
2024-07-11,162633783935
2024-07-12,162603731811
2024-07-13,162313576440
2024-07-14,162592443578
2024-07-15,162991620866
2024-07-16,163064180600
2024-07-17,163354265917
2024-07-18,163529411754
2024-07-19,163517374761
2024-07-20,164468586672
2024-07-21,164471674175
2024-07-22,164465012235
2024-07-23,164575424323
2024-07-24,164796617241
2024-07-25,164626176495
2024-07-26,164178626579
2024-07-27,164415149910
2024-07-28,164588217961
2024-07-29,164566860746
2024-07-30,164208015692
2024-07-31,164163362146
2024-08-01,164108992062
2024-08-02,163709173025
2024-08-03,163822506911
2024-08-04,163897142054
2024-08-05,164045588294
2024-08-06,164126075018
2024-08-07,164601428022
2024-08-08,166228704460
2024-08-09,165860812891
2024-08-10,166082299605
2024-08-11,165692723038
2024-08-12,166114676907
2024-08-13,166487848664
2024-08-14,166823263759
2024-08-15,167459384766
2024-08-16,167688170143
2024-08-17,168291537169
2024-08-18,168382824524
2024-08-19,168365949349
2024-08-20,168339020717
2024-08-21,168771402996
2024-08-22,169040404983
2024-08-23,169179827729
2024-08-24,169800572303
2024-08-25,170148425092
2024-08-26,170130298173
2024-08-27,169872384957
2024-08-28,169807824692
2024-08-29,170032321228
2024-08-30,170251464361
2024-08-31,170165471856
2024-09-01,169863936454
2024-09-02,170335396321
2024-09-03,170200840563
2024-09-04,169827202522
2024-09-05,170149879405
2024-09-06,169858900924
2024-09-07,169820696964
2024-09-08,170079277104
2024-09-09,170049383071
2024-09-10,170722758216
2024-09-11,170590192916
2024-09-12,170602842542
2024-09-13,170378188843
2024-09-14,171143202979
2024-09-15,171819568976
2024-09-16,171471077591
2024-09-17,171108278936
2024-09-18,171707600001
2024-09-19,171934453671
2024-09-20,171833561719
2024-09-21,172411757099
2024-09-22,172654301570
2024-09-23,172565164894
2024-09-24,172461031973
2024-09-25,172495602488
2024-09-26,172720449683
2024-09-27,173169186920
2024-09-28,172912060600
2024-09-29,172937944389
2024-09-30,172926930198
2024-10-01,172281427438
2024-10-02,172692608334
2024-10-03,172817960872
2024-10-04,172682863016
2024-10-05,172718255123
2024-10-06,173500936072
2024-10-07,172279339721
2024-10-08,172857718495
2024-10-09,172942056895
2024-10-10,172980464366
2024-10-11,172600657818
2024-10-12,172973055450
2024-10-13,173251667975
2024-10-14,173567076503
2024-10-15,172852412587
2024-10-16,172908244767
2024-10-17,172607601669
2024-10-18,172579900005
2024-10-19,172897687156
2024-10-20,172920661244
2024-10-21,172817499000
2024-10-22,173001297573
2024-10-23,172871920072
2024-10-24,172361485076
2024-10-25,171725392035
2024-10-26,172599578242
2024-10-27,172680321525
2024-10-28,173105011910
2024-10-29,172343685396
2024-10-30,172948091484
2024-10-31,173202208899
2024-11-01,172636179461
2024-11-02,173089998581
2024-11-03,173160241207
2024-11-04,173458241896
2024-11-05,174869397970
2024-11-06,175000636319
2024-11-07,176754463620
2024-11-08,177479975720
2024-11-09,178645604575
2024-11-10,178670422065
2024-11-11,179934895110
2024-11-12,180569772804
2024-11-13,180742247482
2024-11-14,181789143969
2024-11-15,184036870280
2024-11-16,184237476029
2024-11-17,184590711112
2024-11-18,185024535468
2024-11-19,185259480100
2024-11-20,185933886061
2024-11-21,187741918906
2024-11-22,188568706281
2024-11-23,190480624744
2024-11-24,192269568126
2024-11-25,192612295864
2024-11-26,191519827622
2024-11-27,191886661162
2024-11-28,193474933969
2024-11-29,194398042816
2024-11-30,195154129939
2024-12-01,193265087597
2024-12-02,193542496596
2024-12-03,194477674913
2024-12-04,194821667164
2024-12-05,196137286466
2024-12-06,196715735174
2024-12-07,197857993288
2024-12-08,198295483599
2024-12-09,199187733827
2024-12-10,199255992786
2024-12-11,199651989667
2024-12-12,201892168163
2024-12-13,202376017948
2024-12-14,203278264733
2024-12-15,203557283090
2024-12-16,203653164332
2024-12-17,204158819598
2024-12-18,204355380712
2024-12-19,204583181774
2024-12-20,205087706086
2024-12-21,205146553619
2024-12-22,205190869774
2024-12-23,205861726099
2024-12-24,205368947774
2024-12-25,205794504859
2024-12-26,206064401148
2024-12-27,206560580408
2024-12-28,206827582570
2024-12-29,206597761977
2024-12-30,206134398972
2024-12-31,205447255733
2025-01-01,204800406636
2025-01-02,204352561153
2025-01-03,206270875763
2025-01-04,208007693412
2025-01-05,207963449513
2025-01-06,207907894945
2025-01-07,208177840586
2025-01-08,207642943556
2025-01-09,207745342194
2025-01-10,207487191379
2025-01-11,207665839146
2025-01-12,207559154130
2025-01-13,207860983944
2025-01-14,207778990015
2025-01-15,208076643451
2025-01-16,208933118522
2025-01-17,209149391728
2025-01-18,210867448569
2025-01-19,210843748728
2025-01-20,211215049079
2025-01-21,211268321809
2025-01-22,213986101041
2025-01-23,215291338885
2025-01-24,216040458922
2025-01-25,216654789862
2025-01-26,216693307807
2025-01-27,216655464886
2025-01-28,216867338887
2025-01-29,217324321254
2025-01-30,217535343706
2025-01-31,218194949323
2025-02-01,218393686940
2025-02-02,218476699606
2025-02-03,218525962937
2025-02-04,219305561477
2025-02-05,221982517199
2025-02-06,223305049009
2025-02-07,223749514581
2025-02-08,224881193886
2025-02-09,224962817849
2025-02-10,225101861821
2025-02-11,225271231196
2025-02-12,225312403473
2025-02-13,225551977618
2025-02-14,225733095533
2025-02-15,226056014823
2025-02-16,226199099626
2025-02-17,226418840003
2025-02-18,226142253227
2025-02-19,226051735441
2025-02-20,226862830706
2025-02-21,226777388215
2025-02-22,227473664329
2025-02-23,227252173331
2025-02-24,227402691238
2025-02-25,226800563389
2025-02-26,225685967900
2025-02-27,225104028555
2025-02-28,225087960049
2025-03-01,225961151181
2025-03-02,225250448643
2025-03-03,225230480255
2025-03-04,225367026341
2025-03-05,225911855807
2025-03-06,226907418964
2025-03-07,226989277442
2025-03-08,228084307529
2025-03-09,228169797106
2025-03-10,228057375637
2025-03-11,227667014275
2025-03-12,228444740249
2025-03-13,228835317944
2025-03-14,229026333322
2025-03-15,229809301113
2025-03-16,229953205178
2025-03-17,229914463996
2025-03-18,230102891031
2025-03-19,230430172081
2025-03-20,231014403224
2025-03-21,230895047724
2025-03-22,231680910254
2025-03-23,232627392625
2025-03-24,232978695846
2025-03-25,233992652045
2025-03-26,235096513651
2025-03-27,235228467200
2025-03-28,234591849581
2025-03-29,234013830536
2025-03-30,234254597807
2025-03-31,234203740057
2025-04-01,234402971596
2025-04-02,234612712906
2025-04-03,235008076385
2025-04-04,235139130641
2025-04-05,234650242948
2025-04-06,234349556721
2025-04-07,233895396193
2025-04-08,233512923224
2025-04-09,233134605158
2025-04-10,233253831825
2025-04-11,233097212169
2025-04-12,232966746113
2025-04-13,233328272061
2025-04-14,233126476930
2025-04-15,233086671939
2025-04-16,233533617271
2025-04-17,233709218722
2025-04-18,234224403912
2025-04-19,233690402739
2025-04-20,233740482710
2025-04-21,233918325438
2025-04-22,234087232697
2025-04-23,235288586554
2025-04-24,235810579235
2025-04-25,236865313104
2025-04-26,237491058483
2025-04-27,238124002235
2025-04-28,238843525984
2025-04-29,239542721662
2025-04-30,241010780299
2025-05-01,241273396701
2025-05-02,241425541566
2025-05-03,241840435914
2025-05-04,242214669627
2025-05-05,242180305178
2025-05-06,242060987388
2025-05-07,241286543589
2025-05-08,241424538250
2025-05-09,242061740178
2025-05-10,241944045692
2025-05-11,242163036475
2025-05-12,242170780308
2025-05-13,241631142006
2025-05-14,241484511028
2025-05-15,241897505693
2025-05-16,242457414694
2025-05-17,243000049798
2025-05-18,243057813733
2025-05-19,243205062616
2025-05-20,243143209035
2025-05-21,243463816614
2025-05-22,244488565383
2025-05-23,245009525715
2025-05-24,245332588188
2025-05-25,245626842516
2025-05-26,245636295101
2025-05-27,245875808011
2025-05-28,245650015592
2025-05-29,245646159870
2025-05-30,245823345399
2025-05-31,245978576263
2025-06-01,246104995024
2025-06-02,246357402802
2025-06-03,246989681504
2025-06-04,247676937900
2025-06-05,248083355185
2025-06-06,247871631646
2025-06-07,248537191481
2025-06-08,248874175747
2025-06-09,248887838274
2025-06-10,249238260288
2025-06-11,248979557794
2025-06-12,249541879869
2025-06-13,249494625283
2025-06-14,250301253003
2025-06-15,250221802501
2025-06-16,250168777492
2025-06-17,250078565049
2025-06-18,250258514482
2025-06-19,250293562584
2025-06-20,250182938865
2025-06-21,249967251300
2025-06-22,249956106810
2025-06-23,250134293383
2025-06-24,249584459697
2025-06-25,251352320182
2025-06-26,251175614458
2025-06-27,251341851775
2025-06-28,251658172384
2025-06-29,251986039955
2025-06-30,251981259025
2025-07-01,252254042408
2025-07-02,252518088474
2025-07-03,252916010780
2025-07-04,253221792568
2025-07-05,253373538411
2025-07-06,253601986924
2025-07-07,253632602362
2025-07-08,253809559807
2025-07-09,253740783483
2025-07-10,254206638802
2025-07-11,255356000389
2025-07-12,256309638099
2025-07-13,256581578591
2025-07-14,256738779975
2025-07-15,256379446769
2025-07-16,255354974941
2025-07-17,258049040472
2025-07-18,258850271641
2025-07-19,259312630117
2025-07-20,259666837715
2025-07-21,260043573930
2025-07-22,260496616024
2025-07-23,260984141949
2025-07-24,261993148918
2025-07-25,263136953970
2025-07-26,262937049456
2025-07-27,263546934062
2025-07-28,263901390163
2025-07-29,263861729558
2025-07-30,263916095124
2025-07-31,264557735385
2025-08-01,265092823697
2025-08-02,265357445884
2025-08-03,265363956566
2025-08-04,265919480359
2025-08-05,266412938714
2025-08-06,266565155662
2025-08-07,266689116530
2025-08-08,267619840150
2025-08-09,268214485385
2025-08-10,268937137462
2025-08-11,268316344514
2025-08-12,269050046931
2025-08-13,269916103592
2025-08-14,271559868004
2025-08-15,273207826642
2025-08-16,274727941421
2025-08-17,274685300022
2025-08-18,275503550108
2025-08-19,275525087430
2025-08-20,275483238732
2025-08-21,275885123200
2025-08-22,274766842070
2025-08-23,274670593540
2025-08-24,276010436080
2025-08-25,276081252682
2025-08-26,277936584490
2025-08-27,278214605075
2025-08-28,278755409692
2025-08-29,281126969967
2025-08-30,281300169945
2025-08-31,281662424982
2025-09-01,282404371290
2025-09-02,282402323614
2025-09-03,281554437284
2025-09-04,283410271970
2025-09-05,286035823015
2025-09-06,284482437157
2025-09-07,284542897470
2025-09-08,284309600540
2025-09-09,284470258148
2025-09-10,284971387102
2025-09-11,285084724014
2025-09-12,285878810507
2025-09-13,287259893129
2025-09-14,287971736677
2025-09-15,288000383920
2025-09-16,288305619800
2025-09-17,289103098543
2025-09-18,289298179453
2025-09-19,290415323496
2025-09-20,291204137091
2025-09-21,291413558874
2025-09-22,291409284716
2025-09-23,292284020132
2025-09-24,293110655644
2025-09-25,293909164554
2025-09-26,294064775768
2025-09-27,294802355221
2025-09-28,294999808376
2025-09-29,295239000684
2025-09-30,296051526810
2025-10-01,297474600277
2025-10-02,298375317178
2025-10-03,299559077393
2025-10-04,301086295007
2025-10-05,301613369081
2025-10-06,301147574971
2025-10-07,301821009761
2025-10-08,302614528563
2025-10-09,302630848537
2025-10-10,302852872878
2025-10-11,303181026137
2025-10-12,302742651305
2025-10-13,302799233388
2025-10-14,303686185891
2025-10-15,304918955407
2025-10-16,305734378424
2025-10-17,305803381780
2025-10-18,306073880586
2025-10-19,306099678921
2025-10-20,306375318223
2025-10-21,306334300116
2025-10-22,307367893746
2025-10-23,306771663388
2025-10-24,306966910881
2025-10-25,307591238218
2025-10-26,307350558383
2025-10-27,307209247509
2025-10-28,306858277797
2025-10-29,307040344040
2025-10-30,306317157048
2025-10-31,305936039561
2025-11-01,305964396563
2025-11-02,306116686148
2025-11-03,305863505596
2025-11-04,305813544622
2025-11-05,304641129901
2025-11-06,304479245789
2025-11-07,303828988078
2025-11-08,304175330888
2025-11-09,303638435833
2025-11-10,303579849048
2025-11-11,303791032165
2025-11-12,304155849035
2025-11-13,304195559172
2025-11-14,303652705002
2025-11-15,302970474279
2025-11-16,302850126150
2025-11-17,302507858977
2025-11-18,302135471451
2025-11-19,301995870151
2025-11-20,301775269883
2025-11-21,301718482604
2025-11-22,301437081161
2025-11-23,301617941012
2025-11-24,301376576419
2025-11-25,302689862302
2025-11-26,303253921090
2025-11-27,304078270709
2025-11-28,304503947715
2025-11-29,305061523517
2025-11-30,305225435426
2025-12-01,304917299321
2025-12-02,305766657819
2025-12-03,306550227147
2025-12-04,306501594456
2025-12-05,307013395553
2025-12-06,307216461767
2025-12-07,307170872366
2025-12-08,307365432754
2025-12-09,307718314850
2025-12-10,307878596200
2025-12-11,307979598889
2025-12-12,308951664862
2025-12-13,309028089667
2025-12-14,308909328506
2025-12-15,308609460040
2025-12-16,308395860733
2025-12-17,308385407794
2025-12-18,308316552736
2025-12-19,307768212358
2025-12-20,308259874261
2025-12-21,309331698393
2025-12-22,308100482946
2025-12-23,308189565734
2025-12-24,307797505219
2025-12-25,307292227985
2025-12-26,307461816754
2025-12-27,307392668935
2025-12-28,307271905089
2025-12-29,307116507825
2025-12-30,306997859490
2025-12-31,306661529478
2026-01-01,305918486001
2026-01-02,305947738296
2026-01-03,306728661822
2026-01-04,306625769142
2026-01-05,306966275955
2026-01-06,307516239089
2026-01-07,307093052478
2026-01-08,306835741530
2026-01-09,306478333516
2026-01-10,306796599653
2026-01-11,306657570177
2026-01-12,306657725856
2026-01-13,306118860970
2026-01-14,307633929751
2026-01-15,308538235246
2026-01-16,309403751027
2026-01-17,309974702522
2026-01-18,310256575678
2026-01-19,310072150521
2026-01-20,309868486136
2026-01-21,308173391931
2026-01-22,307646494550
2026-01-23,307354091568
2026-01-24,307765264261
2026-01-25,307740915590
2026-01-26,307686134442
2026-01-27,307124760223
2026-01-28,307059338862
2026-01-29,306746948022
2026-01-30,305422453438
2026-01-31,304364181496
2026-02-01,303754017728
2026-02-02,304080869681
2026-02-03,304321740691
2026-02-04,304546421053
2026-02-05,304611706598
2026-02-06,303897405142
2026-02-07,304238765262
2026-02-08,304780699505
2026-02-09,305978440965
2026-02-10,305696913148
2026-02-11,305274802454
2026-02-12,305171069519
2026-02-13,304960208545
2026-02-14,305831313145
2026-02-15,305940642927
2026-02-16,306080924594
2026-02-17,306313886193
2026-02-18,305928354091
2026-02-19,306185981662
2026-02-20,306194378869
2026-02-21,305746368463
2026-02-22,305676667628
2026-02-23,306838139296
2026-02-24,306646051361
2026-02-25,306889263532
2026-02-26,307519496151
2026-02-27,307024006277
2026-02-28,307311314610
2026-03-01,307603172429
2026-03-02,307221371341
2026-03-03,308327969928
2026-03-04,308582242430
2026-03-05,309533011261
2026-03-06,310568025020
2026-03-07,310751427889
2026-03-08,310772525571
2026-03-09,310931795185
2026-03-10,311967750925
2026-03-11,312282784885
2026-03-12,312592954483
2026-03-13,313216665638
2026-03-14,313674688795
2026-03-15,313630124596
2026-03-16,313599619287
2026-03-17,313665530287
2026-03-18,313799968208
2026-03-19,313333859587
2026-03-20,313677792409
2026-03-21,313842589982
2026-03-22,313841743583
2026-03-23,313806377050
2026-03-24,313242913604
2026-03-25,313364079656
2026-03-26,313476621299
2026-03-27,312983328639
2026-03-28,312842356158
2026-03-29,312768581170
2026-03-30,312894474600
2026-03-31,313170485799
2026-04-01,313936912652
2026-04-02,314163658962
2026-04-03,314436464431
2026-04-04,314835669426
2026-04-05,314762562027
2026-04-06,314778032679
2026-04-07,314297465901
2026-04-08,315000454667
2026-04-09,315025048716
2026-04-10,315441105957
2026-04-11,316150489820
2026-04-12,316231256277
2026-04-13,316326120350
2026-04-14,316465721743
2026-04-15,317511375242
2026-04-16,317557894914
2026-04-17,318060241864
2026-04-18,318903438024
2026-04-19,319068967627
2026-04-20,318145348571
2026-04-21,318203061257
2026-04-22,318925512394
2026-04-23,318532544321
2026-04-24,318264839250
2026-04-25,318090708254
2026-04-26,318197287628
2026-04-27,318179043089
2026-04-28,317963997628
2026-04-29,318094222624
2026-04-30,317297326439
2026-05-01,317984250383
2026-05-02,318213568649
2026-05-03,318282689565
2026-05-04,318625653870
2026-05-05,319158807111
2026-05-06,320048955023
2026-05-07,320318535922
2026-05-08,320580511551
2026-05-09,319224960721
2026-05-10,319962236474
2026-05-11,320244557993
2026-05-12,320452357591
2026-05-13,320207244206
2026-05-14,319777082017
2026-05-15,319893061516
2026-05-16,320573242931
2026-05-17,320869531836
2026-05-18,320771166041
2026-05-19,320526923818
2026-05-20,320016587314
2026-05-21,319515611314
2026-05-22,320278677461
2026-05-23,320342139219
2026-05-24,320278897788
2026-05-25,320015527739
2026-05-26,320169136872
2026-05-27,319828193570
2026-05-28,319212213859
2026-05-29,318262731668
2026-05-30,317829817201
2026-05-31,317595249365
2026-06-01,317385185706
2026-06-02,317385503661
2026-06-03,316700365315
2026-06-04,315966148155
2026-06-05,314653438925
2026-06-06,314085491653
2026-06-07,313614178479
2026-06-08,313741131602
2026-06-09,314197547302
2026-06-10,313220496690
2026-06-11,313127388561
2026-06-12,312983506664
2026-06-13,312589097831
2026-06-14,312647643357
2026-06-15,312549837466
2026-06-16,313001115638
2026-06-17,312879379112
2026-06-18,312533566610
2026-06-19,312708910963
2026-06-20,312737430016
2026-06-21,312796350957
2026-06-22,312864922392
2026-06-23,312899232529
2026-06-24,312266306496
2026-06-25,311901110370
2026-06-26,312009003058
2026-06-27,310598993822
2026-06-28,310593069864
2026-06-29,310252129042
2026-06-30,309582693182
2026-07-01,308836886461
2026-07-02,308981113751
2026-07-03,308769351269
2026-07-04,308612218184
2026-07-05,308517464362
2026-07-06,309508945312
2026-07-07,309209758667
2026-07-08,308508520312
2026-07-09,308512318968
2026-07-10,309398253870
2026-07-11,309772466656
2026-07-12,309700189000
2026-07-13,309442073674
2026-07-14,308181600885
2026-07-15,308457186205
2026-07-16,307747602686
2026-07-17,307975010890
2026-07-18,308229304948
2026-07-19,308275467471
2026-07-20,308104502651
2026-07-21,307857764183
2026-07-22,308043640914
2026-07-23,307677532480
2026-07-24,308517671916
2026-07-25,308553827670
2026-07-26,308388520099
2026-07-27,307989117716
2026-07-28,306890216469
2026-07-29,306637281491
2026-07-30,306371417866
2026-07-31,305619033097
2026-08-01,305645473964
2026-08-02,305556485967
2026-08-03,305446271753
2026-08-04,305705479160
2026-08-05,305903897570
2026-08-06,306071343797
2026-08-07,306216138352
2026-08-08,306253093163
2026-08-09,306249800069
2026-08-10,306322630356
2026-08-11,305406292577
2026-08-12,306390571865
2026-08-13,306412200055
2026-08-14,306348733852
2026-08-15,306505695708
2026-08-16,306360955715
2026-08-17,306408221956
2026-08-18,306488148866
2026-08-19,306493718155
2026-08-20,307187330312
2026-08-21,307734935324
2026-08-22,308507849087
2026-08-23,308546657292
2026-08-24,308619527441
2026-08-25,308762199375
2026-08-26,309041963116
2026-08-27,309269024426
2026-08-28,309371940960.89
